"id","created_at","updated_at","device_id","bugreport","end_time","status","os","device_type","number_meetings","sum_meetings","has_error","error","comment","ecs_arn"
"01H96DW9E9T11EPP2GW72A6RRZ",2023-09-01 00:02:22.000 +0530,2023-09-01 00:17:05.000 +0530,"2323LZ535JL8",bugreports/2323LZ535JL8/debugarchive/2023-08-31/2023-08-31T18:31:59.546Z,2023-09-01 00:02:00.000 +0530,Processed,"0.901.103",LogiSight,0,0.0,false,"",,arn:aws:ecs:us-east-1:473540753547:task/Prod-NLP-Cluster/f0567b54a3144b779068752da60eb1ce
"01H96E63GR1HHNSS0R6C7GQ999",2023-09-01 00:07:43.000 +0530,2023-09-01 00:17:01.000 +0530,"2241LZ5028P8",bugreports/2241LZ5028P8/debugarchive/2023-08-31/2023-08-31T18:37:27.531Z,2023-09-01 00:07:28.000 +0530,Processed,"0.901.103",LogiSight,0,0.0,false,"",,arn:aws:ecs:us-east-1:473540753547:task/Prod-NLP-Cluster/c373b40c89964210ab39868f2c0a655f
"01H96E6PWFTXNQ5A6TYDGSKSNE",2023-09-01 00:08:03.000 +0530,2023-09-01 00:17:06.000 +0530,"2323LZ535K68",bugreports/2323LZ535K68/debugarchive/2023-08-31/2023-08-31T18:37:28.116Z,2023-09-01 00:07:28.000 +0530,Processed,"0.901.103",LogiSight,0,0.0,false,"",,arn:aws:ecs:us-east-1:473540753547:task/Prod-NLP-Cluster/ab8c4916ac294ea09ed847b1ec2baf2c
"01H96EB125ETW8EJ2DNS9SXFC0",2023-09-01 00:10:25.000 +0530,2023-09-01 00:19:33.000 +0530,"2241LZ502D08",bugreports/2241LZ502D08/debugarchive/2023-08-31/2023-08-31T18:39:49.230Z,2023-09-01 00:09:49.000 +0530,Processed,"0.901.103",LogiSight,0,0.0,false,"",,arn:aws:ecs:us-east-1:473540753547:task/Prod-NLP-Cluster/a2bf03d1bcad4b9693f21e226c395d51
"01H96FBM8P8HA2QD07DM6ARRQC",2023-09-01 00:28:13.000 +0530,2023-09-01 00:35:12.000 +0530,"2323LZ535K18",bugreports/2323LZ535K18/debugarchive/2023-08-31/2023-08-31T18:57:46.503Z,2023-09-01 00:27:47.000 +0530,Processed,"0.901.103",LogiSight,0,0.0,false,"",,arn:aws:ecs:us-east-1:473540753547:task/Prod-NLP-Cluster/fbad6e2d80614a8db8a93db0a5f95a20
"01H96FMF1D5H3PVXFDZV3TKBK9",2023-09-01 00:33:02.000 +0530,2023-09-01 00:50:03.000 +0530,"2323LZ50B918",bugreports/2323LZ50B918/debugarchive/2023-08-31/2023-08-31T19:02:45.461Z,2023-09-01 00:32:45.000 +0530,Processed,"0.901.103",LogiSight,0,0.0,false,"",,arn:aws:ecs:us-east-1:473540753547:task/Prod-NLP-Cluster/7f18c409128245c4a622999885b1a2a8
"01H96FP51CS1QKQ62T0DTWYJZZ",2023-09-01 00:33:58.000 +0530,2023-09-01 00:49:10.000 +0530,"2324LZ51P0V8",bugreports/2324LZ51P0V8/debugarchive/2023-08-31/2023-08-31T19:03:41.162Z,2023-09-01 00:33:41.000 +0530,Processed,"0.901.103",LogiSight,0,0.0,false,"",,arn:aws:ecs:us-east-1:473540753547:task/Prod-NLP-Cluster/8356e3bca1bb41d19825c0971ce6c8a3
"01H96GAQXHAXWWZ4Y61GPTR50W",2023-09-01 00:45:12.000 +0530,2023-09-01 00:59:55.000 +0530,"2241LZ502CQ8",bugreports/2241LZ502CQ8/debugarchive/2023-08-31/2023-08-31T19:14:45.488Z,2023-09-01 00:44:45.000 +0530,Processed,"0.901.103",LogiSight,0,0.0,false,"",,arn:aws:ecs:us-east-1:473540753547:task/Prod-NLP-Cluster/7de84bac5e0441cfb0bd848f9dc2ac6e
"01H96GBGCHVEGHE2P6BPQS6V22",2023-09-01 00:45:37.000 +0530,2023-09-01 00:57:20.000 +0530,"2241LZ5029V8",bugreports/2241LZ5029V8/debugarchive/2023-08-31/2023-08-31T19:15:24.734Z,2023-09-01 00:45:25.000 +0530,Processed,"0.901.103",LogiSight,0,0.0,false,"",,arn:aws:ecs:us-east-1:473540753547:task/Prod-NLP-Cluster/d93411a6816a499eb419e96d96a05902
"01H96GF3AXWZVB4038H8FB60YW",2023-09-01 00:47:35.000 +0530,2023-09-01 00:55:07.000 +0530,"2326LZ517618",bugreports/2326LZ517618/debugarchive/2023-08-31/2023-08-31T19:17:12.467Z,2023-09-01 00:47:12.000 +0530,Processed,"0.901.103",LogiSight,0,0.0,false,"",,arn:aws:ecs:us-east-1:473540753547:task/Prod-NLP-Cluster/2efd36e466f94ee580257fdde5554543
"01H96GKSB5TS22QWSJSHQHF1FP",2023-09-01 00:50:09.000 +0530,2023-09-01 01:02:37.000 +0530,"2241LZ502AU8",bugreports/2241LZ502AU8/debugarchive/2023-08-31/2023-08-31T19:19:59.168Z,2023-09-01 00:49:59.000 +0530,Processed,"0.901.103",LogiSight,0,0.0,false,"",,arn:aws:ecs:us-east-1:473540753547:task/Prod-NLP-Cluster/8562dbaa4c6f48909947798321f70ae9
"01H96GN6FCNRKSA137HC96SWKV",2023-09-01 00:50:55.000 +0530,2023-09-01 00:56:45.000 +0530,"2323LZ51VTU8",bugreports/2323LZ51VTU8/debugarchive/2023-08-31/2023-08-31T19:20:14.948Z,2023-09-01 00:50:15.000 +0530,Processed,"0.901.103",LogiSight,0,0.0,false,"",,arn:aws:ecs:us-east-1:473540753547:task/Prod-NLP-Cluster/868e9c591b5d4eabbad88cd0642a73c4
"01H96GR1TA5945XZXGRSJZD1AT",2023-09-01 00:52:29.000 +0530,2023-09-01 01:10:50.000 +0530,"2237LZ513X08",bugreports/2237LZ513X08/debugarchive/2023-08-31/2023-08-31T19:21:01.011Z,2023-09-01 00:51:01.000 +0530,Processed,"0.901.103",LogiSight,0,0.0,false,"",,arn:aws:ecs:us-east-1:473540753547:task/Prod-NLP-Cluster/4e6cbb958e25479dbddee4adcaab1f1d
"01H96GYFSGK769S3555Q2Y6Q1M",2023-09-01 00:55:59.000 +0530,2023-09-01 01:02:08.000 +0530,"2323LZ52GZL8",bugreports/2323LZ52GZL8/debugarchive/2023-08-31/2023-08-31T19:25:34.219Z,2023-09-01 00:55:34.000 +0530,Processed,"0.901.103",LogiSight,0,0.0,false,"",,arn:aws:ecs:us-east-1:473540753547:task/Prod-NLP-Cluster/5e6b1f30f4be4f899fe932333c671f9b
"01H96HGMKZT28JYPMEVTP6G7ZM",2023-09-01 01:05:54.000 +0530,2023-09-01 01:22:27.000 +0530,"2237LZ513X08",bugreports/2237LZ513X08/debugarchive/2023-08-31/2023-08-31T19:35:30.634Z,2023-09-01 01:05:31.000 +0530,Processed,"0.901.103",LogiSight,0,0.0,false,"",,arn:aws:ecs:us-east-1:473540753547:task/Prod-NLP-Cluster/b44e3e0fe89840b0a18337651f77afce
"01H96JBWGATH112PT1FXH4BSPS",2023-09-01 01:20:47.000 +0530,2023-09-01 01:27:45.000 +0530,"2326LZ5175E8",bugreports/2326LZ5175E8/debugarchive/2023-08-31/2023-08-31T19:50:44.915Z,2023-09-01 01:20:45.000 +0530,Processed,"0.901.103",LogiSight,0,0.0,false,"",,arn:aws:ecs:us-east-1:473540753547:task/Prod-NLP-Cluster/c127086011fd46c0b88171f3c1f756ef
"01H96KQ466NK1JV6QF0NEF1YSK",2023-09-01 01:44:24.000 +0530,2023-09-01 01:53:59.000 +0530,"2241LZ5027J8",bugreports/2241LZ5027J8/debugarchive/2023-08-31/2023-08-31T20:13:50.579Z,2023-09-01 01:43:51.000 +0530,Processed,"0.901.103",LogiSight,0,0.0,false,"",,arn:aws:ecs:us-east-1:473540753547:task/Prod-NLP-Cluster/3acdfc8e2ff148a99b0249bf07d00df8
"01H96KWGE4YV2YKB3DY59FG20Y",2023-09-01 01:47:20.000 +0530,2023-09-01 02:00:20.000 +0530,"2241LZ5024L8",bugreports/2241LZ5024L8/debugarchive/2023-08-31/2023-08-31T20:17:22.037Z,2023-09-01 01:47:22.000 +0530,Processed,"0.901.103",LogiSight,0,0.0,false,"",,arn:aws:ecs:us-east-1:473540753547:task/Prod-NLP-Cluster/aa97b28b427f48c288629354bc5833a5
"01H96KZC75GDQ3QGMPCGMJZZS3",2023-09-01 01:48:54.000 +0530,2023-09-01 01:58:12.000 +0530,"2319LZ5138Z8",bugreports/2319LZ5138Z8/debugarchive/2023-08-31/2023-08-31T20:17:27.445Z,2023-09-01 01:47:27.000 +0530,Processed,"0.901.103",LogiSight,0,0.0,false,"",,arn:aws:ecs:us-east-1:473540753547:task/Prod-NLP-Cluster/aa3b8e60e93242a399f92d9d16288e54
"01H96M0GGB3JBNCAKYGDCB78QA",2023-09-01 01:49:31.000 +0530,2023-09-01 02:00:48.000 +0530,"2319LZ5138Z8",bugreports/2319LZ5138Z8/debugarchive/2023-08-31/2023-08-31T20:19:19.339Z,2023-09-01 01:49:19.000 +0530,Processed,"0.901.103",LogiSight,0,0.0,false,"",,arn:aws:ecs:us-east-1:473540753547:task/Prod-NLP-Cluster/4c4cc7e3f2154104991e626bb6750fc1
"01H96M9WH97T8X5ZJZ9BV37DC5",2023-09-01 01:54:39.000 +0530,2023-09-01 02:10:41.000 +0530,"2241LZ502CE8",bugreports/2241LZ502CE8/debugarchive/2023-08-31/2023-08-31T20:24:19.345Z,2023-09-01 01:54:19.000 +0530,Processed,"0.901.103",LogiSight,0,0.0,false,"",,arn:aws:ecs:us-east-1:473540753547:task/Prod-NLP-Cluster/be14b3237d3f4993a4625d7164d1eaaa
"01H96N6KY9KZFF72V5H7H05MXW",2023-09-01 02:10:20.000 +0530,2023-09-01 02:20:31.000 +0530,"2323LZ535HV8",bugreports/2323LZ535HV8/debugarchive/2023-08-31/2023-08-31T20:39:27.065Z,2023-09-01 02:09:27.000 +0530,Processed,"0.901.103",LogiSight,0,0.0,false,"",,arn:aws:ecs:us-east-1:473540753547:task/Prod-NLP-Cluster/66042869ff6a4a7aab4813623fbaa89f
"01H96NR8Z9QPAVXNQJSHHQMWV9",2023-09-01 02:19:59.000 +0530,2023-09-01 02:31:52.000 +0530,"2323LZ537CG8",bugreports/2323LZ537CG8/debugarchive/2023-08-31/2023-08-31T20:49:38.229Z,2023-09-01 02:19:38.000 +0530,Processed,"0.901.103",LogiSight,0,0.0,false,"",,arn:aws:ecs:us-east-1:473540753547:task/Prod-NLP-Cluster/ec71ac9744944eadb1971cc3af2956eb
"01H96PJ6ERBCH80Q3KNGQQAQ0R",2023-09-01 02:34:08.000 +0530,2023-09-01 02:57:53.000 +0530,"2241LZ5027J8",bugreports/2241LZ5027J8/debugarchive/2023-08-31/2023-08-31T21:02:41.433Z,2023-09-01 02:32:41.000 +0530,Processed,"0.901.103",LogiSight,0,0.0,false,"",,arn:aws:ecs:us-east-1:473540753547:task/Prod-NLP-Cluster/d000c96978314e0a88a6f87e0cf2ef7d
"01H96PWS2F113R62H2BMXBBCH1",2023-09-01 02:39:55.000 +0530,2023-09-01 02:51:56.000 +0530,"2241LZ502CT8",bugreports/2241LZ502CT8/debugarchive/2023-08-31/2023-08-31T21:09:38.349Z,2023-09-01 02:39:38.000 +0530,Processed,"0.901.103",LogiSight,0,0.0,false,"",,arn:aws:ecs:us-east-1:473540753547:task/Prod-NLP-Cluster/d8adb87c2e1f4140956715ef12a47183
"01H96Q7G8BX7JCH5NAEVXZ8KXP",2023-09-01 02:45:46.000 +0530,2023-09-01 02:51:31.000 +0530,"2323LZ517408",bugreports/2323LZ517408/debugarchive/2023-08-31/2023-08-31T21:15:19.500Z,2023-09-01 02:45:20.000 +0530,Processed,"0.901.103",LogiSight,0,0.0,false,"",,arn:aws:ecs:us-east-1:473540753547:task/Prod-NLP-Cluster/416e2f9466514283b8314beff8a762c4
"01H96Q8W9YQ470ESCE8QX529ZX",2023-09-01 02:46:31.000 +0530,2023-09-01 02:57:53.000 +0530,"2323LZ537CT8",bugreports/2323LZ537CT8/debugarchive/2023-08-31/2023-08-31T21:16:01.977Z,2023-09-01 02:46:02.000 +0530,Processed,"0.901.103",LogiSight,0,0.0,false,"",,arn:aws:ecs:us-east-1:473540753547:task/Prod-NLP-Cluster/c339a7ca187c420d87ee664350808992
"01H96QAZCSA1YBQF117C51Q4M5",2023-09-01 02:47:40.000 +0530,2023-09-01 02:59:21.000 +0530,"2224LZN3C5F8",bugreports/2224LZN3C5F8/debugarchive/2023-08-31/2023-08-31T21:17:23.586Z,2023-09-01 02:47:24.000 +0530,Processed,"0.901.103",LogiSight,0,0.0,false,"",,arn:aws:ecs:us-east-1:473540753547:task/Prod-NLP-Cluster/535c71db636c40629cf040ef72c1cb29
"01H96QR2XNY92Q99CBZJC37Q3R",2023-09-01 02:54:50.000 +0530,2023-09-01 03:03:36.000 +0530,"2241LZ502B38",bugreports/2241LZ502B38/debugarchive/2023-08-31/2023-08-31T21:24:21.022Z,2023-09-01 02:54:21.000 +0530,Processed,"0.901.103",LogiSight,0,0.0,false,"",,arn:aws:ecs:us-east-1:473540753547:task/Prod-NLP-Cluster/b6d6359932fa410ebbf0e245f74313d8
"01H96QSCKX2QC9AFWVETTQ1G2V",2023-09-01 02:55:32.000 +0530,2023-09-01 03:15:41.000 +0530,"2319LZ51KBP8",bugreports/2319LZ51KBP8/debugarchive/2023-08-31/2023-08-31T21:25:16.106Z,2023-09-01 02:55:16.000 +0530,Processed,"0.901.103",LogiSight,0,0.0,false,"",,arn:aws:ecs:us-east-1:473540753547:task/Prod-NLP-Cluster/ca307b91a62c478e9fa6eece4584a050
"01H96R5YDQZ36S1XYHXH216NWK",2023-09-01 03:02:24.000 +0530,2023-09-01 03:09:18.000 +0530,"2323LZ535JL8",bugreports/2323LZ535JL8/debugarchive/2023-08-31/2023-08-31T21:31:59.647Z,2023-09-01 03:02:00.000 +0530,Processed,"0.901.103",LogiSight,0,0.0,false,"",,arn:aws:ecs:us-east-1:473540753547:task/Prod-NLP-Cluster/1b6b6b16c43f4c759c2d2fdb2ab7229a
"01H96QRGF2A2ARKASA9MWVT5V0",2023-09-01 02:55:04.000 +0530,2023-09-01 03:07:41.000 +0530,"2323LZ535JF8",bugreports/2323LZ535JF8/debugarchive/2023-08-31/2023-08-31T21:24:52.074Z,2023-09-01 02:54:52.000 +0530,Processed,"0.901.103",LogiSight,0,0.0,false,"",,arn:aws:ecs:us-east-1:473540753547:task/Prod-NLP-Cluster/7ff287e846a04ab68a22cad76297d42d
"01H96RFM4KY9KK06RVE2ZGNVJZ",2023-09-01 03:07:41.000 +0530,2023-09-01 03:18:47.000 +0530,"2241LZ5028P8",bugreports/2241LZ5028P8/debugarchive/2023-08-31/2023-08-31T21:37:27.602Z,2023-09-01 03:07:28.000 +0530,Processed,"0.901.103",LogiSight,0,0.0,false,"",,arn:aws:ecs:us-east-1:473540753547:task/Prod-NLP-Cluster/9d50b5488d4e4f9ca5129149a1fa5155
"01H96RMK2G668137VJ2MS7YA04",2023-09-01 03:10:24.000 +0530,2023-09-01 03:14:48.000 +0530,"2241LZ502D08",bugreports/2241LZ502D08/debugarchive/2023-08-31/2023-08-31T21:39:49.340Z,2023-09-01 03:09:49.000 +0530,Processed,"0.901.103",LogiSight,0,0.0,false,"",,arn:aws:ecs:us-east-1:473540753547:task/Prod-NLP-Cluster/6aa6cb269bbc45eab91dc1a81ac6afca
"01H96SMSWS12H2DJFJSTSKTY95",2023-09-01 03:27:59.000 +0530,2023-09-01 03:42:05.000 +0530,"2323LZ535K18",bugreports/2323LZ535K18/debugarchive/2023-08-31/2023-08-31T21:57:46.547Z,2023-09-01 03:27:47.000 +0530,Processed,"0.901.103",LogiSight,0,0.0,false,"",,arn:aws:ecs:us-east-1:473540753547:task/Prod-NLP-Cluster/86bec63e913045559fdf8a51d0df5e9f
"01H96SZEVXMB2WYJ4ME82FRCW7",2023-09-01 03:33:48.000 +0530,2023-09-01 03:40:10.000 +0530,"2323LZ50B918",bugreports/2323LZ50B918/debugarchive/2023-08-31/2023-08-31T22:02:45.557Z,2023-09-01 03:32:46.000 +0530,Processed,"0.901.103",LogiSight,0,0.0,false,"",,arn:aws:ecs:us-east-1:473540753547:task/Prod-NLP-Cluster/89f53693b5224f01a623203c74549292
"01H96T1PZDANQ2NKX4YXKQYC28",2023-09-01 03:35:02.000 +0530,2023-09-01 03:54:07.000 +0530,"2324LZ51P0V8",bugreports/2324LZ51P0V8/debugarchive/2023-08-31/2023-08-31T22:03:41.226Z,2023-09-01 03:33:41.000 +0530,Processed,"0.901.103",LogiSight,0,0.0,false,"",,arn:aws:ecs:us-east-1:473540753547:task/Prod-NLP-Cluster/6728d545c16c49549467de8d1587fcf5
"01H96TG1XCHDTB4D9C2RZEQVT4",2023-09-01 03:42:52.000 +0530,2023-09-01 03:49:26.000 +0530,"2323LZ5172D8",bugreports/2323LZ5172D8/debugarchive/2023-08-31/2023-08-31T22:12:35.158Z,2023-09-01 03:42:35.000 +0530,Processed,"0.901.103",LogiSight,0,0.0,false,"",,arn:aws:ecs:us-east-1:473540753547:task/Prod-NLP-Cluster/37b71e3e92ad4c3e9c61fa3d15c78e78
"01H96TEQVNACTXG3KY6VZY2PNQ",2023-09-01 03:42:09.000 +0530,2023-09-01 03:47:11.000 +0530,"2241LZ502AN8",bugreports/2241LZ502AN8/debugarchive/2023-08-31/2023-08-31T22:06:32.410Z,2023-09-01 03:36:32.000 +0530,Processed,"0.901.103",LogiSight,0,0.0,false,"",,arn:aws:ecs:us-east-1:473540753547:task/Prod-NLP-Cluster/8411400b5c1f4660b5b65561c7eebe0c
"01H96TRPA3V52NN1THR1AH98KA",2023-09-01 03:47:35.000 +0530,2023-09-01 03:54:35.000 +0530,"2326LZ517618",bugreports/2326LZ517618/debugarchive/2023-08-31/2023-08-31T22:17:12.543Z,2023-09-01 03:47:13.000 +0530,Processed,"0.901.103",LogiSight,0,0.0,false,"",,arn:aws:ecs:us-east-1:473540753547:task/Prod-NLP-Cluster/cc32bb13065b4e3d8dc4f403f90483ea
"01H96TN6730JW5CTV0P3T4EEDT",2023-09-01 03:45:41.000 +0530,2023-09-01 03:50:08.000 +0530,"2241LZ5029V8",bugreports/2241LZ5029V8/debugarchive/2023-08-31/2023-08-31T22:15:24.877Z,2023-09-01 03:45:25.000 +0530,Processed,"0.901.103",LogiSight,0,0.0,false,"",,arn:aws:ecs:us-east-1:473540753547:task/Prod-NLP-Cluster/c2221f9e44394c53b9ff6e36517ac351
"01H96TM3DC0A3BJVPJNG6XC9N2",2023-09-01 03:45:05.000 +0530,2023-09-01 04:02:38.000 +0530,"2241LZ502CQ8",bugreports/2241LZ502CQ8/debugarchive/2023-08-31/2023-08-31T22:14:45.552Z,2023-09-01 03:44:46.000 +0530,Processed,"0.901.103",LogiSight,0,0.0,false,"",,arn:aws:ecs:us-east-1:473540753547:task/Prod-NLP-Cluster/8e797a9906fd4799b6ee2a2405ce6479
"01H96TXVTM45KC159FS50QXMQK",2023-09-01 03:50:25.000 +0530,2023-09-01 03:56:01.000 +0530,"2241LZ502AU8",bugreports/2241LZ502AU8/debugarchive/2023-08-31/2023-08-31T22:19:59.232Z,2023-09-01 03:49:59.000 +0530,Processed,"0.901.103",LogiSight,0,0.0,false,"",,arn:aws:ecs:us-east-1:473540753547:task/Prod-NLP-Cluster/da2df23d7ddd41a9925ccb7e831a80fb
"01H96TXVTPKKKW7C8AZKXWHCTN",2023-09-01 03:50:25.000 +0530,2023-09-01 03:59:35.000 +0530,"2323LZ51VTU8",bugreports/2323LZ51VTU8/debugarchive/2023-08-31/2023-08-31T22:20:15.036Z,2023-09-01 03:50:15.000 +0530,Processed,"0.901.103",LogiSight,0,0.0,false,"",,arn:aws:ecs:us-east-1:473540753547:task/Prod-NLP-Cluster/da2df23d7ddd41a9925ccb7e831a80fb
"01H96V204R2S4PJA0YRRH9VQ3T",2023-09-01 03:52:40.000 +0530,2023-09-01 03:57:02.000 +0530,"2237LZ513X08",bugreports/2237LZ513X08/debugarchive/2023-08-31/2023-08-31T22:21:01.133Z,2023-09-01 03:51:01.000 +0530,Processed,"0.901.103",LogiSight,0,0.0,false,"",,arn:aws:ecs:us-east-1:473540753547:task/Prod-NLP-Cluster/77acc853f6b7429f9687e1e39dbd212b
"01H96V7QJ2EGZZM94PH1VYAWCH",2023-09-01 03:55:48.000 +0530,2023-09-01 04:01:58.000 +0530,"2323LZ52GZL8",bugreports/2323LZ52GZL8/debugarchive/2023-08-31/2023-08-31T22:25:34.303Z,2023-09-01 03:55:34.000 +0530,Processed,"0.901.103",LogiSight,0,0.0,false,"",,arn:aws:ecs:us-east-1:473540753547:task/Prod-NLP-Cluster/d45af300550d494bab9061f19a14ac56
"01H96VP1GRVZM8C6G78CXFQPYJ",2023-09-01 04:03:37.000 +0530,2023-09-01 04:17:35.000 +0530,"2241LZ5027J8",bugreports/2241LZ5027J8/debugarchive/2023-08-31/2023-08-31T22:33:00.951Z,2023-09-01 04:03:01.000 +0530,Processed,"0.901.103",LogiSight,0,0.0,false,"",,arn:aws:ecs:us-east-1:473540753547:task/Prod-NLP-Cluster/17df67f0eb6d4f1790a3eb5cbcdea963
"01H96VT2DZYTY88AQ9W1MWW03N",2023-09-01 04:05:49.000 +0530,2023-09-01 04:09:52.000 +0530,"2237LZ513X08",bugreports/2237LZ513X08/debugarchive/2023-08-31/2023-08-31T22:35:30.707Z,2023-09-01 04:05:31.000 +0530,Processed,"0.901.103",LogiSight,0,0.0,false,"",,arn:aws:ecs:us-east-1:473540753547:task/Prod-NLP-Cluster/278bdef4cab6427ea339f55d4c5edf0f
"01H96WNCS2VRA9H4XSBCHB2DJ1",2023-09-01 04:20:44.000 +0530,2023-09-01 04:34:08.000 +0530,"2326LZ5175E8",bugreports/2326LZ5175E8/debugarchive/2023-08-31/2023-08-31T22:50:45.259Z,2023-09-01 04:20:45.000 +0530,Processed,"0.901.103",LogiSight,0,0.0,false,"",,arn:aws:ecs:us-east-1:473540753547:task/Prod-NLP-Cluster/6e94354e25dc4f9b980448fb055d1169
"01H96Y65VE9QCKS9JSSAHMVVQ5",2023-09-01 04:47:23.000 +0530,2023-09-01 04:59:23.000 +0530,"2241LZ5024L8",bugreports/2241LZ5024L8/debugarchive/2023-08-31/2023-08-31T23:17:22.125Z,2023-09-01 04:47:22.000 +0530,Processed,"0.901.103",LogiSight,0,0.0,false,"",,arn:aws:ecs:us-east-1:473540753547:task/Prod-NLP-Cluster/652b451720a74893b80598ab1fa1febd
"01H96Y91RZEQZ4JNB8H81F2G1W",2023-09-01 04:48:57.000 +0530,2023-09-01 05:00:49.000 +0530,"2319LZ5138Z8",bugreports/2319LZ5138Z8/debugarchive/2023-08-31/2023-08-31T23:17:27.511Z,2023-09-01 04:47:28.000 +0530,Processed,"0.901.103",LogiSight,0,0.0,false,"",,arn:aws:ecs:us-east-1:473540753547:task/Prod-NLP-Cluster/dc5db8dcb70c48909210b7b3c186ef94
"01H96YA5XPEDR9NM95NHAQ2A5H",2023-09-01 04:49:34.000 +0530,2023-09-01 04:57:45.000 +0530,"2319LZ5138Z8",bugreports/2319LZ5138Z8/debugarchive/2023-08-31/2023-08-31T23:19:19.432Z,2023-09-01 04:49:19.000 +0530,Processed,"0.901.103",LogiSight,0,0.0,false,"",,arn:aws:ecs:us-east-1:473540753547:task/Prod-NLP-Cluster/c3fe2de4cb284fd68d204766a79065c8
"01H96YKK7CZK13SWZH85V0SSZX",2023-09-01 04:54:43.000 +0530,2023-09-01 05:03:29.000 +0530,"2241LZ502CE8",bugreports/2241LZ502CE8/debugarchive/2023-08-31/2023-08-31T23:24:19.435Z,2023-09-01 04:54:19.000 +0530,Processed,"0.901.103",LogiSight,0,0.0,false,"",,arn:aws:ecs:us-east-1:473540753547:task/Prod-NLP-Cluster/b0fafbdf175f4b54bdb70d82c47e3b52
"01H96ZF3Y6YBW376ZY2FZCP870",2023-09-01 05:09:44.000 +0530,2023-09-01 05:13:32.000 +0530,"2323LZ535HV8",bugreports/2323LZ535HV8/debugarchive/2023-08-31/2023-08-31T23:39:27.138Z,2023-09-01 05:09:27.000 +0530,Processed,"0.901.103",LogiSight,0,0.0,false,"",,arn:aws:ecs:us-east-1:473540753547:task/Prod-NLP-Cluster/7dc72dbb0ef04d57a7777d642756681e
"01H9701Y4AAF00V7FBBAHY25CC",2023-09-01 05:20:01.000 +0530,2023-09-01 05:33:09.000 +0530,"2323LZ537CG8",bugreports/2323LZ537CG8/debugarchive/2023-08-31/2023-08-31T23:49:38.332Z,2023-09-01 05:19:38.000 +0530,Processed,"0.901.103",LogiSight,0,0.0,false,"",,arn:aws:ecs:us-east-1:473540753547:task/Prod-NLP-Cluster/bf5969ea55c14b3a9600a9d3a907ca01
"01H97164791VQEDV30Z9EJ6D2V",2023-09-01 05:39:47.000 +0530,2023-09-01 05:48:59.000 +0530,"2241LZ502CT8",bugreports/2241LZ502CT8/debugarchive/2023-09-01/2023-09-01T00:09:38.435Z,2023-09-01 05:39:38.000 +0530,Processed,"0.901.103",LogiSight,0,0.0,false,"",,arn:aws:ecs:us-east-1:473540753547:task/Prod-NLP-Cluster/476d1c34d68f46f3ac8cda2a9b146d65
"01H971J5167SVZ6GYXCWM58ZRH",2023-09-01 05:46:21.000 +0530,2023-09-01 06:05:33.000 +0530,"2323LZ537CT8",bugreports/2323LZ537CT8/debugarchive/2023-09-01/2023-09-01T00:16:02.129Z,2023-09-01 05:46:02.000 +0530,Processed,"0.901.103",LogiSight,0,0.0,false,"",,arn:aws:ecs:us-east-1:473540753547:task/Prod-NLP-Cluster/e3a8051ecb05432395e569e7d1efb795
"01H971H7YQT7EKV6MDAA6GRJZ9",2023-09-01 05:45:51.000 +0530,2023-09-01 05:48:59.000 +0530,"2323LZ517408",bugreports/2323LZ517408/debugarchive/2023-09-01/2023-09-01T00:15:19.569Z,2023-09-01 05:45:20.000 +0530,Processed,"0.901.103",LogiSight,0,0.0,false,"",,arn:aws:ecs:us-east-1:473540753547:task/Prod-NLP-Cluster/0cf672f520764a6c83b4c417fbec162d
"01H9721GSKGEHQZ34HS7MP4D9J",2023-09-01 05:54:45.000 +0530,2023-09-01 06:02:35.000 +0530,"2241LZ502B38",bugreports/2241LZ502B38/debugarchive/2023-09-01/2023-09-01T00:24:21.087Z,2023-09-01 05:54:21.000 +0530,Processed,"0.901.103",LogiSight,0,0.0,false,"",,arn:aws:ecs:us-east-1:473540753547:task/Prod-NLP-Cluster/31ad505bb0044f9aa17e7e6848fd8377
"01H97223W74XBJH3M3BGP8WH2T",2023-09-01 05:55:04.000 +0530,2023-09-01 06:07:17.000 +0530,"2323LZ535JF8",bugreports/2323LZ535JF8/debugarchive/2023-09-01/2023-09-01T00:24:52.162Z,2023-09-01 05:54:52.000 +0530,Processed,"0.901.103",LogiSight,0,0.0,false,"",,arn:aws:ecs:us-east-1:473540753547:task/Prod-NLP-Cluster/32c493f5f7dd41eabed008368e3774b7
"01H972344D92VHNWNXGFRS4VWX",2023-09-01 05:55:37.000 +0530,2023-09-01 05:57:56.000 +0530,"2319LZ51KBP8",bugreports/2319LZ51KBP8/debugarchive/2023-09-01/2023-09-01T00:25:16.204Z,2023-09-01 05:55:16.000 +0530,Processed,"0.901.103",LogiSight,0,0.0,false,"",,arn:aws:ecs:us-east-1:473540753547:task/Prod-NLP-Cluster/728ba9705a0b478bab9c589f0a5b75fd
"01H972SM26GW2R7JZJ856Y8E26",2023-09-01 06:07:54.000 +0530,2023-09-01 06:12:07.000 +0530,"2241LZ5028P8",bugreports/2241LZ5028P8/debugarchive/2023-09-01/2023-09-01T00:37:27.704Z,2023-09-01 06:07:28.000 +0530,Processed,"0.901.103",LogiSight,0,0.0,false,"",,arn:aws:ecs:us-east-1:473540753547:task/Prod-NLP-Cluster/80a52f0a2ac446d1b7bb371a529575cb
"01H972Y38NVTFY75QD6SR7TZD2",2023-09-01 06:10:21.000 +0530,2023-09-01 06:23:09.000 +0530,"2241LZ502D08",bugreports/2241LZ502D08/debugarchive/2023-09-01/2023-09-01T00:39:49.385Z,2023-09-01 06:09:49.000 +0530,Processed,"0.901.103",LogiSight,0,0.0,false,"",,arn:aws:ecs:us-east-1:473540753547:task/Prod-NLP-Cluster/961e255d8ae14e159c2786e7efa1c148
"01H972F7NH1ZH5JC976AMZFVQ5",2023-09-01 06:02:14.000 +0530,2023-09-01 06:16:05.000 +0530,"2323LZ535JL8",bugreports/2323LZ535JL8/debugarchive/2023-09-01/2023-09-01T00:31:59.738Z,2023-09-01 06:02:00.000 +0530,Processed,"0.901.103",LogiSight,0,0.0,false,"",,arn:aws:ecs:us-east-1:473540753547:task/Prod-NLP-Cluster/c0c953a4d22e44fdb034016e4f9afdbb
"01H973YP04JX7GRS7KHEVNN7D8",2023-09-01 06:28:09.000 +0530,2023-09-01 06:42:04.000 +0530,"2323LZ535K18",bugreports/2323LZ535K18/debugarchive/2023-09-01/2023-09-01T00:57:46.626Z,2023-09-01 06:27:47.000 +0530,Processed,"0.901.103",LogiSight,0,0.0,false,"",,arn:aws:ecs:us-east-1:473540753547:task/Prod-NLP-Cluster/bec63bccbecf407ebd58482934ca60e1
"01H97487RYP2B03RM181V5P9PD",2023-09-01 06:33:22.000 +0530,2023-09-01 06:36:09.000 +0530,"2323LZ50B918",bugreports/2323LZ50B918/debugarchive/2023-09-01/2023-09-01T01:02:45.627Z,2023-09-01 06:32:46.000 +0530,Processed,"0.901.103",LogiSight,0,0.0,false,"",,arn:aws:ecs:us-east-1:473540753547:task/Prod-NLP-Cluster/5a7b916b84d7483abe076b37295a728f
"01H9749EMPFBJP2SSWM9PF5P6Y",2023-09-01 06:34:02.000 +0530,2023-09-01 06:46:51.000 +0530,"2324LZ51P0V8",bugreports/2324LZ51P0V8/debugarchive/2023-09-01/2023-09-01T01:03:41.272Z,2023-09-01 06:33:41.000 +0530,Processed,"0.901.103",LogiSight,0,0.0,false,"",,arn:aws:ecs:us-east-1:473540753547:task/Prod-NLP-Cluster/f96edaff615c4ef0aa49ba10f5806288
"01H974NTB7K1Q4P2HTPFAZMQFB",2023-09-01 06:40:47.000 +0530,2023-09-01 06:51:26.000 +0530,"2323LZ535KH8",bugreports/2323LZ535KH8/debugarchive/2023-09-01/2023-09-01T01:13:12.893Z,2023-09-01 06:43:13.000 +0530,Processed,"0.901.103",LogiSight,0,0.0,false,"",,arn:aws:ecs:us-east-1:473540753547:task/Prod-NLP-Cluster/85b67b20adbf4565b2663ecbf2d48527
"01H974R62XTXEQVKA2RQ3MH10A",2023-09-01 06:42:04.000 +0530,2023-09-01 06:48:36.000 +0530,"2241LZ502AN8",bugreports/2241LZ502AN8/debugarchive/2023-09-01/2023-09-01T01:06:33.406Z,2023-09-01 06:36:33.000 +0530,Processed,"0.901.103",LogiSight,0,0.0,false,"",,arn:aws:ecs:us-east-1:473540753547:task/Prod-NLP-Cluster/57dff7980bd443978ab2a18ec258d49e
"01H974XCZ4T39XNXWD45M6M100",2023-09-01 06:44:55.000 +0530,2023-09-01 06:55:01.000 +0530,"2241LZ502CQ8",bugreports/2241LZ502CQ8/debugarchive/2023-09-01/2023-09-01T01:14:45.625Z,2023-09-01 06:44:46.000 +0530,Processed,"0.901.103",LogiSight,0,0.0,false,"",,arn:aws:ecs:us-east-1:473540753547:task/Prod-NLP-Cluster/264aa2f4e122482bb9161bd12747f8f5
"01H974YNHYGD6PCDFCQ2FKBTJZ",2023-09-01 06:45:37.000 +0530,2023-09-01 06:52:43.000 +0530,"2241LZ5029V8",bugreports/2241LZ5029V8/debugarchive/2023-09-01/2023-09-01T01:15:25.024Z,2023-09-01 06:45:25.000 +0530,Processed,"0.901.103",LogiSight,0,0.0,false,"",,arn:aws:ecs:us-east-1:473540753547:task/Prod-NLP-Cluster/6e3c5582b4f04792b69647f0e417f046
"01H9752B3PFVCZDKN5HV8KGHVQ",2023-09-01 06:47:37.000 +0530,2023-09-01 06:50:29.000 +0530,"2326LZ517618",bugreports/2326LZ517618/debugarchive/2023-09-01/2023-09-01T01:17:12.630Z,2023-09-01 06:47:13.000 +0530,Processed,"0.901.103",LogiSight,0,0.0,false,"",,arn:aws:ecs:us-east-1:473540753547:task/Prod-NLP-Cluster/da532c2450b544f4b8d91718e07fee34
"01H9757374EAW4Z6D2F9RE387S",2023-09-01 06:50:13.000 +0530,2023-09-01 07:03:04.000 +0530,"2241LZ502AU8",bugreports/2241LZ502AU8/debugarchive/2023-09-01/2023-09-01T01:19:59.274Z,2023-09-01 06:49:59.000 +0530,Processed,"0.901.103",LogiSight,0,0.0,false,"",,arn:aws:ecs:us-east-1:473540753547:task/Prod-NLP-Cluster/c0bc186e2886419b811760318688dc85
"01H9757DVA9NHPHZDA1ETJHVW2",2023-09-01 06:50:24.000 +0530,2023-09-01 07:02:43.000 +0530,"2323LZ51VTU8",bugreports/2323LZ51VTU8/debugarchive/2023-09-01/2023-09-01T01:20:15.118Z,2023-09-01 06:50:15.000 +0530,Processed,"0.901.103",LogiSight,0,0.0,false,"",,arn:aws:ecs:us-east-1:473540753547:task/Prod-NLP-Cluster/3ce940431a4f41539c59c5a02558fa6a
"01H975BW4YE90HGVYC1X200GGB",2023-09-01 06:52:50.000 +0530,2023-09-01 07:00:08.000 +0530,"2237LZ513X08",bugreports/2237LZ513X08/debugarchive/2023-09-01/2023-09-01T01:21:01.210Z,2023-09-01 06:51:01.000 +0530,Processed,"0.901.103",LogiSight,0,0.0,false,"",,arn:aws:ecs:us-east-1:473540753547:task/Prod-NLP-Cluster/a675e4c18edd4d58bc0e7ddbe363d86b
"01H975H7A1NV12MGN0SD39EC19",2023-09-01 06:55:45.000 +0530,2023-09-01 07:06:45.000 +0530,"2323LZ52GZL8",bugreports/2323LZ52GZL8/debugarchive/2023-09-01/2023-09-01T01:25:34.380Z,2023-09-01 06:55:34.000 +0530,Processed,"0.901.103",LogiSight,0,0.0,false,"",,arn:aws:ecs:us-east-1:473540753547:task/Prod-NLP-Cluster/23eae53ca9e548e18333ba469e88561f
"01H975ZCFKVXVEVAJKQAWVZZ2C",2023-09-01 07:03:29.000 +0530,2023-09-01 07:08:56.000 +0530,"2241LZ5027J8",bugreports/2241LZ5027J8/debugarchive/2023-09-01/2023-09-01T01:33:01.007Z,2023-09-01 07:03:01.000 +0530,Processed,"0.901.103",LogiSight,0,0.0,false,"",,arn:aws:ecs:us-east-1:473540753547:task/Prod-NLP-Cluster/af588a3f1c49495f8f14c5e4139543e4
"01H9763K1SWPE6ZSCY2APVA4M0",2023-09-01 07:05:47.000 +0530,2023-09-01 07:16:18.000 +0530,"2237LZ513X08",bugreports/2237LZ513X08/debugarchive/2023-09-01/2023-09-01T01:35:30.779Z,2023-09-01 07:05:31.000 +0530,Processed,"0.901.103",LogiSight,0,0.0,false,"",,arn:aws:ecs:us-east-1:473540753547:task/Prod-NLP-Cluster/15a4db7af3a14371a9f60173308ed9bb
"01H977M98R2YJ1ZFSSDN4Q7E4X",2023-09-01 07:32:22.000 +0530,2023-09-01 07:35:30.000 +0530,"2241LZ502DF8",bugreports/2241LZ502DF8/debugarchive/2023-09-01/2023-09-01T02:01:49.649Z,2023-09-01 07:31:50.000 +0530,Processed,"0.901.103",LogiSight,0,0.0,false,"",,arn:aws:ecs:us-east-1:473540753547:task/Prod-NLP-Cluster/eb873aadd3f2477082bef9b82d944319
"01H978FNKYJ2H6KB7A872MTEWY",2023-09-01 07:47:20.000 +0530,2023-09-01 08:02:48.000 +0530,"2241LZ5024L8",bugreports/2241LZ5024L8/debugarchive/2023-09-01/2023-09-01T02:17:22.211Z,2023-09-01 07:47:22.000 +0530,Processed,"0.901.103",LogiSight,0,0.0,false,"",,arn:aws:ecs:us-east-1:473540753547:task/Prod-NLP-Cluster/fc3b751895d8408aa51e9beddc1c612a
"01H978K287ENV12YM87YEPWZ4Z",2023-09-01 07:49:11.000 +0530,2023-09-01 07:57:53.000 +0530,"2319LZ5138Z8",bugreports/2319LZ5138Z8/debugarchive/2023-09-01/2023-09-01T02:17:27.648Z,2023-09-01 07:47:28.000 +0530,Processed,"0.901.103",LogiSight,0,0.0,false,"",,arn:aws:ecs:us-east-1:473540753547:task/Prod-NLP-Cluster/9d7765bea1ae4b97884ca3f890fb486e
"01H978KNKJQJ4NWZ6AQ7A0M67M",2023-09-01 07:49:31.000 +0530,2023-09-01 07:59:33.000 +0530,"2319LZ5138Z8",bugreports/2319LZ5138Z8/debugarchive/2023-09-01/2023-09-01T02:19:19.507Z,2023-09-01 07:49:20.000 +0530,Processed,"0.901.103",LogiSight,0,0.0,false,"",,arn:aws:ecs:us-east-1:473540753547:task/Prod-NLP-Cluster/9c815062a191476eaa3d231afb08e750
"01H978X596G5M8ZWA9JP84B00M",2023-09-01 07:54:42.000 +0530,2023-09-01 08:05:40.000 +0530,"2241LZ502CE8",bugreports/2241LZ502CE8/debugarchive/2023-09-01/2023-09-01T02:24:19.531Z,2023-09-01 07:54:20.000 +0530,Processed,"0.901.103",LogiSight,0,0.0,false,"",,arn:aws:ecs:us-east-1:473540753547:task/Prod-NLP-Cluster/dee9c36f38d84f0da4412a08cba92dfd
"01H979RP7B0V2KK12S6QRDYYGE",2023-09-01 08:09:44.000 +0530,2023-09-01 08:16:22.000 +0530,"2323LZ535HV8",bugreports/2323LZ535HV8/debugarchive/2023-09-01/2023-09-01T02:39:27.192Z,2023-09-01 08:09:27.000 +0530,Processed,"0.901.103",LogiSight,0,0.0,false,"",,arn:aws:ecs:us-east-1:473540753547:task/Prod-NLP-Cluster/d58955c8c345475b9c5334ad14d3589c
"01H97ABG9MHKYG4WJBPSY4D97D",2023-09-01 08:20:00.000 +0530,2023-09-01 08:30:00.000 +0530,"2323LZ537CG8",bugreports/2323LZ537CG8/debugarchive/2023-09-01/2023-09-01T02:49:38.432Z,2023-09-01 08:19:38.000 +0530,Processed,"0.901.103",LogiSight,0,0.0,false,"",,arn:aws:ecs:us-east-1:473540753547:task/Prod-NLP-Cluster/732b48b2f40e4ce8b7b34c3dd9aceab0
"01H97BG6A005Y6X54W749ND6NH",2023-09-01 08:40:03.000 +0530,2023-09-01 08:42:43.000 +0530,"2241LZ502CT8",bugreports/2241LZ502CT8/debugarchive/2023-09-01/2023-09-01T03:09:38.521Z,2023-09-01 08:39:39.000 +0530,Processed,"0.901.103",LogiSight,0,0.0,false,"",,arn:aws:ecs:us-east-1:473540753547:task/Prod-NLP-Cluster/b85515ebc3f740869f67e74d30798e96
"01H97BT9XDYA92Q479AXSTAFD6",2023-09-01 08:45:34.000 +0530,2023-09-01 08:56:06.000 +0530,"2323LZ517408",bugreports/2323LZ517408/debugarchive/2023-09-01/2023-09-01T03:15:19.681Z,2023-09-01 08:45:20.000 +0530,Processed,"0.901.103",LogiSight,0,0.0,false,"",,arn:aws:ecs:us-east-1:473540753547:task/Prod-NLP-Cluster/214996a3528b48c5bcedac4e370a227c
"01H97CB6A751KQZR69DER92ZG2",2023-09-01 08:54:47.000 +0530,2023-09-01 09:01:14.000 +0530,"2241LZ502B38",bugreports/2241LZ502B38/debugarchive/2023-09-01/2023-09-01T03:24:21.125Z,2023-09-01 08:54:21.000 +0530,Processed,"0.901.103",LogiSight,0,0.0,false,"",,arn:aws:ecs:us-east-1:473540753547:task/Prod-NLP-Cluster/daebe0a5368e475bb5f6d127a558ac83
"01H97CBYA5QNSATQEFT5S1GH9T",2023-09-01 08:55:12.000 +0530,2023-09-01 09:07:09.000 +0530,"2323LZ535JF8",bugreports/2323LZ535JF8/debugarchive/2023-09-01/2023-09-01T03:24:52.250Z,2023-09-01 08:54:52.000 +0530,Processed,"0.901.103",LogiSight,0,0.0,false,"",,arn:aws:ecs:us-east-1:473540753547:task/Prod-NLP-Cluster/daf0c05e20f44e689b7b07eb1aeebed6
"01H97CCRTZFJTX3AN7Z30X80G2",2023-09-01 08:55:39.000 +0530,2023-09-01 09:03:59.000 +0530,"2319LZ51KBP8",bugreports/2319LZ51KBP8/debugarchive/2023-09-01/2023-09-01T03:25:16.262Z,2023-09-01 08:55:16.000 +0530,Processed,"0.901.103",LogiSight,0,0.0,false,"",,arn:aws:ecs:us-east-1:473540753547:task/Prod-NLP-Cluster/6e56393731114793b0b4ec8992b95620
"01H97CRZ75N0ERB20399DRWY0Y",2023-09-01 09:02:19.000 +0530,2023-09-01 09:16:00.000 +0530,"2323LZ535JL8",bugreports/2323LZ535JL8/debugarchive/2023-09-01/2023-09-01T03:31:59.858Z,2023-09-01 09:02:00.000 +0530,Processed,"0.901.103",LogiSight,0,0.0,false,"",,arn:aws:ecs:us-east-1:473540753547:task/Prod-NLP-Cluster/8b126abf55904b87b7f983bc235cb809
"01H97D74XFJ6TNER2S7M1MYANP",2023-09-01 09:10:03.000 +0530,2023-09-01 09:24:47.000 +0530,"2241LZ502D08",bugreports/2241LZ502D08/debugarchive/2023-09-01/2023-09-01T03:39:49.426Z,2023-09-01 09:09:49.000 +0530,Processed,"0.901.103",LogiSight,0,0.0,false,"",,arn:aws:ecs:us-east-1:473540753547:task/Prod-NLP-Cluster/38e46e574c0841ef80848958a2ceca28
"01H97E84AK8YTET2RHAQ4VTYP7",2023-09-01 09:28:04.000 +0530,2023-09-01 09:39:24.000 +0530,"2323LZ535K18",bugreports/2323LZ535K18/debugarchive/2023-09-01/2023-09-01T03:57:46.722Z,2023-09-01 09:27:47.000 +0530,Processed,"0.901.103",LogiSight,0,0.0,false,"",,arn:aws:ecs:us-east-1:473540753547:task/Prod-NLP-Cluster/b20ca664556b4c49b372b55fb4523d09
"01H97EHS43E6GF1B1QYT2CH4H5",2023-09-01 09:33:20.000 +0530,2023-09-01 09:48:45.000 +0530,"2323LZ50B918",bugreports/2323LZ50B918/debugarchive/2023-09-01/2023-09-01T04:02:45.668Z,2023-09-01 09:32:46.000 +0530,Processed,"0.901.103",LogiSight,0,0.0,false,"",,arn:aws:ecs:us-east-1:473540753547:task/Prod-NLP-Cluster/7906b33a1c7149238d423d5de0ca0761
"01H97EK5GNRH0BFWSBC72158KE",2023-09-01 09:34:06.000 +0530,2023-09-01 09:45:11.000 +0530,"2324LZ51P0V8",bugreports/2324LZ51P0V8/debugarchive/2023-09-01/2023-09-01T04:03:41.312Z,2023-09-01 09:33:41.000 +0530,Processed,"0.901.103",LogiSight,0,0.0,false,"",,arn:aws:ecs:us-east-1:473540753547:task/Prod-NLP-Cluster/7044293a695b4f4f815eb6441328aa7e
"01H97EZBDFVW5K9KN0P52XRCXG",2023-09-01 09:40:45.000 +0530,2023-09-01 09:54:12.000 +0530,"2323LZ535KH8",bugreports/2323LZ535KH8/debugarchive/2023-09-01/2023-09-01T04:13:12.986Z,2023-09-01 09:43:13.000 +0530,Processed,"0.901.103",LogiSight,0,0.0,false,"",,arn:aws:ecs:us-east-1:473540753547:task/Prod-NLP-Cluster/c12dcd8537564bf7b2b3a5d3a863f3d6
"01H97F33F3KS6SP9V2WVD3PMVR",2023-09-01 09:42:48.000 +0530,2023-09-01 09:57:46.000 +0530,"2323LZ5172D8",bugreports/2323LZ5172D8/debugarchive/2023-09-01/2023-09-01T04:12:35.360Z,2023-09-01 09:42:35.000 +0530,Processed,"0.901.103",LogiSight,0,0.0,false,"",,arn:aws:ecs:us-east-1:473540753547:task/Prod-NLP-Cluster/023fcbd1cbfa4813893556749608cd6e
"01H97F79F13C7F6CMMK7V7KGFZ",2023-09-01 09:45:05.000 +0530,2023-09-01 09:53:51.000 +0530,"2241LZ502CQ8",bugreports/2241LZ502CQ8/debugarchive/2023-09-01/2023-09-01T04:14:45.730Z,2023-09-01 09:44:46.000 +0530,Processed,"0.901.103",LogiSight,0,0.0,false,"",,arn:aws:ecs:us-east-1:473540753547:task/Prod-NLP-Cluster/b116deeaab784d928666aa681f8c86fd
"01H97FBVD4S243FY2HKFX61D2V",2023-09-01 09:47:35.000 +0530,2023-09-01 09:57:22.000 +0530,"2326LZ517618",bugreports/2326LZ517618/debugarchive/2023-09-01/2023-09-01T04:17:12.733Z,2023-09-01 09:47:13.000 +0530,Processed,"0.901.103",LogiSight,0,0.0,false,"",,arn:aws:ecs:us-east-1:473540753547:task/Prod-NLP-Cluster/ccc757e0a87544ca92c1789cb4bd0f58
"01H97FH79VKVZA3A0D4EB2HN7P",2023-09-01 09:50:31.000 +0530,2023-09-01 09:53:46.000 +0530,"2241LZ502AU8",bugreports/2241LZ502AU8/debugarchive/2023-09-01/2023-09-01T04:19:59.333Z,2023-09-01 09:49:59.000 +0530,Processed,"0.901.103",LogiSight,0,0.0,false,"",,arn:aws:ecs:us-east-1:473540753547:task/Prod-NLP-Cluster/62354a29ccf64a979a5c71a0d2525f90
"01H97FHCK8J09ZY9Q6YC7JFCQV",2023-09-01 09:50:36.000 +0530,2023-09-01 09:55:44.000 +0530,"2323LZ51VTU8",bugreports/2323LZ51VTU8/debugarchive/2023-09-01/2023-09-01T04:20:15.219Z,2023-09-01 09:50:15.000 +0530,Processed,"0.901.103",LogiSight,0,0.0,false,"",,arn:aws:ecs:us-east-1:473540753547:task/Prod-NLP-Cluster/b0ed6cb8e47f4529be3396f74b3355f2
"01H97F8E7DH2YSMR0GWX6BPNX1",2023-09-01 09:45:43.000 +0530,2023-09-01 09:55:27.000 +0530,"2241LZ5029V8",bugreports/2241LZ5029V8/debugarchive/2023-09-01/2023-09-01T04:15:25.158Z,2023-09-01 09:45:25.000 +0530,Processed,"0.901.103",LogiSight,0,0.0,false,"",,arn:aws:ecs:us-east-1:473540753547:task/Prod-NLP-Cluster/23c9d8629e394274ad4e549f94220803
"01H97FMYPGQW61HRN1K95K2QSR",2023-09-01 09:52:33.000 +0530,2023-09-01 10:02:16.000 +0530,"2237LZ513X08",bugreports/2237LZ513X08/debugarchive/2023-09-01/2023-09-01T04:21:01.349Z,2023-09-01 09:51:01.000 +0530,Processed,"0.901.103",LogiSight,0,0.0,false,"",,arn:aws:ecs:us-east-1:473540753547:task/Prod-NLP-Cluster/f119c65c4eb84d6491a915d6872d1dfb
"01H97FV3HNRR6JCYS9GPQYMS3E",2023-09-01 09:55:54.000 +0530,2023-09-01 10:10:34.000 +0530,"2323LZ52GZL8",bugreports/2323LZ52GZL8/debugarchive/2023-09-01/2023-09-01T04:25:34.416Z,2023-09-01 09:55:34.000 +0530,Processed,"0.901.103",LogiSight,0,0.0,false,"",,arn:aws:ecs:us-east-1:473540753547:task/Prod-NLP-Cluster/0b681acb57434fd29edb32a01bb6df98
"01H97G8YJ5538XRA87XSD9DZQ7",2023-09-01 10:03:28.000 +0530,2023-09-01 10:12:25.000 +0530,"2241LZ5027J8",bugreports/2241LZ5027J8/debugarchive/2023-09-01/2023-09-01T04:33:01.094Z,2023-09-01 10:03:01.000 +0530,Processed,"0.901.103",LogiSight,0,0.0,false,"",,arn:aws:ecs:us-east-1:473540753547:task/Prod-NLP-Cluster/404c9bf6455640d79eec67bf6a7bed8e
"01H97GD7JFF7A5WCGWEJ21J9SK",2023-09-01 10:05:48.000 +0530,2023-09-01 10:11:56.000 +0530,"2237LZ513X08",bugreports/2237LZ513X08/debugarchive/2023-09-01/2023-09-01T04:35:30.828Z,2023-09-01 10:05:31.000 +0530,Processed,"0.901.103",LogiSight,0,0.0,false,"",,arn:aws:ecs:us-east-1:473540753547:task/Prod-NLP-Cluster/e1aa81c7525e4c46b4fd4e0766865b9b
"01H97HXT0VB3HNCEYN3R9E9AF2",2023-09-01 10:32:20.000 +0530,2023-09-01 10:41:26.000 +0530,"2241LZ502DF8",bugreports/2241LZ502DF8/debugarchive/2023-09-01/2023-09-01T05:01:56.367Z,2023-09-01 10:31:56.000 +0530,Processed,"0.901.103",LogiSight,0,0.0,false,"",,arn:aws:ecs:us-east-1:473540753547:task/Prod-NLP-Cluster/9269ec12aad74f2b8489a22fac2c9504
"01H97JSH8M0ZB3TVJRA10G43HH",2023-09-01 10:47:29.000 +0530,2023-09-01 10:50:36.000 +0530,"2241LZ5024L8",bugreports/2241LZ5024L8/debugarchive/2023-09-01/2023-09-01T05:17:22.313Z,2023-09-01 10:47:22.000 +0530,Processed,"0.901.103",LogiSight,0,0.0,false,"",,arn:aws:ecs:us-east-1:473540753547:task/Prod-NLP-Cluster/f26b0b075893409b8574e26dc2a2632f
"01H97JWAR5WBA1WQQ34C942D8K",2023-09-01 10:49:00.000 +0530,2023-09-01 10:51:37.000 +0530,"2319LZ5138Z8",bugreports/2319LZ5138Z8/debugarchive/2023-09-01/2023-09-01T05:17:27.705Z,2023-09-01 10:47:28.000 +0530,Processed,"0.901.103",LogiSight,0,0.0,false,"",,arn:aws:ecs:us-east-1:473540753547:task/Prod-NLP-Cluster/d1db650ed43e4cbca7ab0fad8c5f7cf8
"01H97JXKYT4W5GPXSS64R762CR",2023-09-01 10:49:43.000 +0530,2023-09-01 10:55:43.000 +0530,"2319LZ5138Z8",bugreports/2319LZ5138Z8/debugarchive/2023-09-01/2023-09-01T05:19:19.590Z,2023-09-01 10:49:20.000 +0530,Processed,"0.901.103",LogiSight,0,0.0,false,"",,arn:aws:ecs:us-east-1:473540753547:task/Prod-NLP-Cluster/82bba2b899d842649be8acae63c69c2d
"01H97K6H3J85EVMNENP6Y5GCB8",2023-09-01 10:54:35.000 +0530,2023-09-01 11:02:52.000 +0530,"2241LZ502CE8",bugreports/2241LZ502CE8/debugarchive/2023-09-01/2023-09-01T05:24:19.629Z,2023-09-01 10:54:20.000 +0530,Processed,"0.901.103",LogiSight,0,0.0,false,"",,arn:aws:ecs:us-east-1:473540753547:task/Prod-NLP-Cluster/f90dfc6135f24b218dca5be864ea1225
"01H97M614R53A9J65JDBJH7SXC",2023-09-01 11:11:47.000 +0530,2023-09-01 11:25:05.000 +0530,"2323LZ535HV8",bugreports/2323LZ535HV8/debugarchive/2023-09-01/2023-09-01T05:39:27.258Z,2023-09-01 11:09:27.000 +0530,Processed,"0.901.103",LogiSight,0,0.0,false,"",,arn:aws:ecs:us-east-1:473540753547:task/Prod-NLP-Cluster/5906e7dfc38f4120a231cd9afd65276a
"01H97MMTTHHPJ1N669DVGEJ1K1",2023-09-01 11:19:52.000 +0530,2023-09-01 11:24:56.000 +0530,"2323LZ537CG8",bugreports/2323LZ537CG8/debugarchive/2023-09-01/2023-09-01T05:49:38.508Z,2023-09-01 11:19:39.000 +0530,Processed,"0.901.103",LogiSight,0,0.0,false,"",,arn:aws:ecs:us-east-1:473540753547:task/Prod-NLP-Cluster/82f50ceb534a4daaaff868baf6b6019a
"01H97NSDV9CEHJY7K70BARCT8N",2023-09-01 11:39:51.000 +0530,2023-09-01 11:54:00.000 +0530,"2241LZ502CT8",bugreports/2241LZ502CT8/debugarchive/2023-09-01/2023-09-01T06:09:38.594Z,2023-09-01 11:39:39.000 +0530,Processed,"0.901.103",LogiSight,0,0.0,false,"",,arn:aws:ecs:us-east-1:473540753547:task/Prod-NLP-Cluster/af07aa27ad014865bc08c640dcbc8cd9
"01H97P3S8N6FCBDPDYSXNTH2EB",2023-09-01 11:45:30.000 +0530,2023-09-01 12:01:36.000 +0530,"2323LZ517408",bugreports/2323LZ517408/debugarchive/2023-09-01/2023-09-01T06:15:19.752Z,2023-09-01 11:45:20.000 +0530,Processed,"0.901.103",LogiSight,0,0.0,false,"",,arn:aws:ecs:us-east-1:473540753547:task/Prod-NLP-Cluster/cd47325c9842479b913da2935594ca17
"01H97PMSW3MZ1XYJX842Z4STC6",2023-09-01 11:54:48.000 +0530,2023-09-01 11:58:42.000 +0530,"2241LZ502B38",bugreports/2241LZ502B38/debugarchive/2023-09-01/2023-09-01T06:24:21.183Z,2023-09-01 11:54:21.000 +0530,Processed,"0.901.103",LogiSight,0,0.0,false,"",,arn:aws:ecs:us-east-1:473540753547:task/Prod-NLP-Cluster/14fc098dbed54c199ebf2afb626e9bdc
"01H97PNQ3SAFYJ06XSMHPE9C24",2023-09-01 11:55:18.000 +0530,2023-09-01 12:06:58.000 +0530,"2323LZ535JF8",bugreports/2323LZ535JF8/debugarchive/2023-09-01/2023-09-01T06:24:52.356Z,2023-09-01 11:54:52.000 +0530,Processed,"0.901.103",LogiSight,0,0.0,false,"",,arn:aws:ecs:us-east-1:473540753547:task/Prod-NLP-Cluster/a1b289e366f24b86821b508daa338f0a
"01H97PPRBRSG3EXPJTQ92CQANS",2023-09-01 11:55:52.000 +0530,2023-09-01 12:05:32.000 +0530,"2319LZ51KBP8",bugreports/2319LZ51KBP8/debugarchive/2023-09-01/2023-09-01T06:25:16.326Z,2023-09-01 11:55:16.000 +0530,Processed,"0.901.103",LogiSight,0,0.0,false,"",,arn:aws:ecs:us-east-1:473540753547:task/Prod-NLP-Cluster/618ba1e473624edcaf12ffef61e27d83
"01H97Q2ZD6KG4DN59HN37T1038",2023-09-01 12:02:32.000 +0530,2023-09-01 12:08:49.000 +0530,"2323LZ535JL8",bugreports/2323LZ535JL8/debugarchive/2023-09-01/2023-09-01T06:31:59.957Z,2023-09-01 12:02:00.000 +0530,Processed,"0.901.103",LogiSight,0,0.0,false,"",,arn:aws:ecs:us-east-1:473540753547:task/Prod-NLP-Cluster/21b56e3680c24fc2ae1af8427ab4b83d
"01H97QH2G6PZVY93SSBN45EQ69",2023-09-01 12:10:14.000 +0530,2023-09-01 12:25:08.000 +0530,"2241LZ502D08",bugreports/2241LZ502D08/debugarchive/2023-09-01/2023-09-01T06:39:49.489Z,2023-09-01 12:09:49.000 +0530,Processed,"0.901.103",LogiSight,0,0.0,false,"",,arn:aws:ecs:us-east-1:473540753547:task/Prod-NLP-Cluster/efd4e00ced1d42ab9eda97bbbc39da67
"01H97RHXSD0TSHWK90D124WK46",2023-09-01 12:28:11.000 +0530,2023-09-01 12:39:09.000 +0530,"2323LZ535K18",bugreports/2323LZ535K18/debugarchive/2023-09-01/2023-09-01T06:57:46.764Z,2023-09-01 12:27:47.000 +0530,Processed,"0.901.103",LogiSight,0,0.0,false,"",,arn:aws:ecs:us-east-1:473540753547:task/Prod-NLP-Cluster/3c0b150b3a8249738d6f8d75592f0738
"01H97RVZNP8707J8TANZ5H684J",2023-09-01 12:33:40.000 +0530,2023-09-01 12:44:37.000 +0530,"2323LZ50B918",bugreports/2323LZ50B918/debugarchive/2023-09-01/2023-09-01T07:02:45.746Z,2023-09-01 12:32:46.000 +0530,Processed,"0.901.103",LogiSight,0,0.0,false,"",,arn:aws:ecs:us-east-1:473540753547:task/Prod-NLP-Cluster/8c2669aca33d41cdb2197de9f874b51b
"01H97RXSYZPG2TM1JQKGCBQ63G",2023-09-01 12:34:40.000 +0530,2023-09-01 12:38:06.000 +0530,"2324LZ51P0V8",bugreports/2324LZ51P0V8/debugarchive/2023-09-01/2023-09-01T07:03:41.350Z,2023-09-01 12:33:41.000 +0530,Processed,"0.901.103",LogiSight,0,0.0,false,"",,arn:aws:ecs:us-east-1:473540753547:task/Prod-NLP-Cluster/0889e8186041472b86bda6997631f002
"01H97SD34J4XJDV7KP5CGJV1TH",2023-09-01 12:43:01.000 +0530,2023-09-01 12:49:22.000 +0530,"2323LZ5172D8",bugreports/2323LZ5172D8/debugarchive/2023-09-01/2023-09-01T07:12:35.453Z,2023-09-01 12:42:35.000 +0530,Processed,"0.901.103",LogiSight,0,0.0,false,"",,arn:aws:ecs:us-east-1:473540753547:task/Prod-NLP-Cluster/c3daad7b6fce40ada875333213fc7804
"01H97SHVBV4S18G3CRW8H049NN",2023-09-01 12:45:37.000 +0530,2023-09-01 12:59:02.000 +0530,"2241LZ5029V8",bugreports/2241LZ5029V8/debugarchive/2023-09-01/2023-09-01T07:15:25.310Z,2023-09-01 12:45:25.000 +0530,Processed,"0.901.103",LogiSight,0,0.0,false,"",,arn:aws:ecs:us-east-1:473540753547:task/Prod-NLP-Cluster/cc623577835e49f7896218c3431fc863
"01H97SNGKS1CWVFN38PPVGFT2Z",2023-09-01 12:47:37.000 +0530,2023-09-01 12:55:21.000 +0530,"2326LZ517618",bugreports/2326LZ517618/debugarchive/2023-09-01/2023-09-01T07:17:12.819Z,2023-09-01 12:47:13.000 +0530,Processed,"0.901.103",LogiSight,0,0.0,false,"",,arn:aws:ecs:us-east-1:473540753547:task/Prod-NLP-Cluster/71be3532ad3d4b3da7def4bad716f498
"01H97SGXB4P2XXMHD1SEH3TQPB",2023-09-01 12:45:06.000 +0530,2023-09-01 12:55:56.000 +0530,"2241LZ502CQ8",bugreports/2241LZ502CQ8/debugarchive/2023-09-01/2023-09-01T07:14:45.798Z,2023-09-01 12:44:46.000 +0530,Processed,"0.901.103",LogiSight,0,0.0,false,"",,arn:aws:ecs:us-east-1:473540753547:task/Prod-NLP-Cluster/3e18d0c50b0d46e8a36f35b735bffa08
"01H97STPP0DDV200TJB148WHSZ",2023-09-01 12:50:27.000 +0530,2023-09-01 13:03:00.000 +0530,"2241LZ502AU8",bugreports/2241LZ502AU8/debugarchive/2023-09-01/2023-09-01T07:19:59.407Z,2023-09-01 12:49:59.000 +0530,Processed,"0.901.103",LogiSight,0,0.0,false,"",,arn:aws:ecs:us-east-1:473540753547:task/Prod-NLP-Cluster/55fb3c67613d4dc59016de5b09364cf7
"01H97SYQNYS2JG3QPYR4B68AVG",2023-09-01 12:52:39.000 +0530,2023-09-01 13:03:34.000 +0530,"2237LZ513X08",bugreports/2237LZ513X08/debugarchive/2023-09-01/2023-09-01T07:21:01.439Z,2023-09-01 12:51:01.000 +0530,Processed,"0.901.103",LogiSight,0,0.0,false,"",,arn:aws:ecs:us-east-1:473540753547:task/Prod-NLP-Cluster/746bb60491764f97b29a0db9ab86b134
"01H97SV739WFB9DNXWXN2M0NHW",2023-09-01 12:50:44.000 +0530,2023-09-01 13:00:37.000 +0530,"2323LZ51VTU8",bugreports/2323LZ51VTU8/debugarchive/2023-09-01/2023-09-01T07:20:15.298Z,2023-09-01 12:50:15.000 +0530,Processed,"0.901.103",LogiSight,0,0.0,false,"",,arn:aws:ecs:us-east-1:473540753547:task/Prod-NLP-Cluster/044526b928bf4989ad1faaf643e444e9
"01H97T4QRHAJ70E7XQY57ZMZV2",2023-09-01 12:55:56.000 +0530,2023-09-01 13:09:48.000 +0530,"2323LZ52GZL8",bugreports/2323LZ52GZL8/debugarchive/2023-09-01/2023-09-01T07:25:34.462Z,2023-09-01 12:55:34.000 +0530,Processed,"0.901.103",LogiSight,0,0.0,false,"",,arn:aws:ecs:us-east-1:473540753547:task/Prod-NLP-Cluster/5fd2377b1d76480a9b74664d7006ba1a
"01H97TJ4YDM446PHTEX26FTQNB",2023-09-01 13:03:15.000 +0530,2023-09-01 13:18:04.000 +0530,"2241LZ5027J8",bugreports/2241LZ5027J8/debugarchive/2023-09-01/2023-09-01T07:33:01.171Z,2023-09-01 13:03:01.000 +0530,Processed,"0.901.103",LogiSight,0,0.0,false,"",,arn:aws:ecs:us-east-1:473540753547:task/Prod-NLP-Cluster/b1c4a1be59c941d48c34c7e503e4ab46
"01H97TQ6JDXSRXC9TH02Y0S4EW",2023-09-01 13:06:01.000 +0530,2023-09-01 13:11:28.000 +0530,"2237LZ513X08",bugreports/2237LZ513X08/debugarchive/2023-09-01/2023-09-01T07:35:30.882Z,2023-09-01 13:05:31.000 +0530,Processed,"0.901.103",LogiSight,0,0.0,false,"",,arn:aws:ecs:us-east-1:473540753547:task/Prod-NLP-Cluster/55c359855d00439faa3abd91adedd374
"01H97V63VRRZEQGSFM2E0G00XW",2023-09-01 13:14:10.000 +0530,2023-09-01 13:27:51.000 +0530,"2241LZ502CN8",bugreports/2241LZ502CN8/debugarchive/2023-09-01/2023-09-01T07:43:54.090Z,2023-09-01 13:13:54.000 +0530,Processed,"0.901.103",LogiSight,0,0.0,false,"",,arn:aws:ecs:us-east-1:473540753547:task/Prod-NLP-Cluster/9281c28ffdda44a881bb82747026e0cd
"01H97VJBD45HR7N5NVNQ5YGET8",2023-09-01 13:20:51.000 +0530,2023-09-01 13:32:16.000 +0530,"2323LZ50B918",bugreports/2323LZ50B918/debugarchive/2023-09-01/2023-09-01T07:50:25.704Z,2023-09-01 13:20:26.000 +0530,Processed,"0.901.103",LogiSight,0,0.0,false,"",,arn:aws:ecs:us-east-1:473540753547:task/Prod-NLP-Cluster/dc8f1e98063049638f0f71764d8364b9
"01H97W7EW2CDA78HV14J9251ES",2023-09-01 13:32:22.000 +0530,2023-09-01 13:44:39.000 +0530,"2241LZ502DF8",bugreports/2241LZ502DF8/debugarchive/2023-09-01/2023-09-01T08:01:56.464Z,2023-09-01 13:31:56.000 +0530,Processed,"0.901.103",LogiSight,0,0.0,false,"",,arn:aws:ecs:us-east-1:473540753547:task/Prod-NLP-Cluster/78275c6680244f59a5da788ffb962fa0
"01H97X2NP983ZPSCAF9Z7M76Z9",2023-09-01 13:47:14.000 +0530,2023-09-01 13:50:08.000 +0530,"2241LZ5024L8",bugreports/2241LZ5024L8/debugarchive/2023-09-01/2023-09-01T08:17:22.403Z,2023-09-01 13:47:22.000 +0530,Processed,"0.901.103",LogiSight,0,0.0,false,"",,arn:aws:ecs:us-east-1:473540753547:task/Prod-NLP-Cluster/483098851a3b451c9cae899fac023827
"01H97X5WCE17P2SNZ5HKGPM3GN",2023-09-01 13:48:59.000 +0530,2023-09-01 14:02:23.000 +0530,"2319LZ5138Z8",bugreports/2319LZ5138Z8/debugarchive/2023-09-01/2023-09-01T08:17:27.843Z,2023-09-01 13:47:28.000 +0530,Processed,"0.901.103",LogiSight,0,0.0,false,"",,arn:aws:ecs:us-east-1:473540753547:task/Prod-NLP-Cluster/d7434e82e08747a280a664f88705e2ac
"01H97X6VQVGC11ZD6DXAV8J73V",2023-09-01 13:49:31.000 +0530,2023-09-01 13:59:10.000 +0530,"2319LZ5138Z8",bugreports/2319LZ5138Z8/debugarchive/2023-09-01/2023-09-01T08:19:19.673Z,2023-09-01 13:49:20.000 +0530,Processed,"0.901.103",LogiSight,0,0.0,false,"",,arn:aws:ecs:us-east-1:473540753547:task/Prod-NLP-Cluster/6bff43f9006e42809766e432b22797ef
"01H97XGEJGE6KDGHDGWDH15SGG",2023-09-01 13:54:45.000 +0530,2023-09-01 14:08:39.000 +0530,"2241LZ502CE8",bugreports/2241LZ502CE8/debugarchive/2023-09-01/2023-09-01T08:24:19.716Z,2023-09-01 13:54:20.000 +0530,Processed,"0.901.103",LogiSight,0,0.0,false,"",,arn:aws:ecs:us-east-1:473540753547:task/Prod-NLP-Cluster/02b5645d9bb24667be89becf0e3145f1
"01H97YC1E1WEYE538KM71DBNDJ",2023-09-01 14:09:49.000 +0530,2023-09-01 14:20:50.000 +0530,"2323LZ535HV8",bugreports/2323LZ535HV8/debugarchive/2023-09-01/2023-09-01T08:39:27.345Z,2023-09-01 14:09:27.000 +0530,Processed,"0.901.103",LogiSight,0,0.0,false,"",,arn:aws:ecs:us-east-1:473540753547:task/Prod-NLP-Cluster/550dba0d3197434ca8a154fb8d161590
"01H97YYN8Y22YZ9B8DWNBESJ8E",2023-09-01 14:20:00.000 +0530,2023-09-01 14:28:12.000 +0530,"2323LZ537CG8",bugreports/2323LZ537CG8/debugarchive/2023-09-01/2023-09-01T08:49:38.588Z,2023-09-01 14:19:39.000 +0530,Processed,"0.901.103",LogiSight,0,0.0,false,"",,arn:aws:ecs:us-east-1:473540753547:task/Prod-NLP-Cluster/ca3b595a11e0436d9ab39db0edd76f72
"01H980DXQZ3G59SCQH0ESHT283",2023-09-01 14:45:48.000 +0530,2023-09-01 14:58:36.000 +0530,"2323LZ517408",bugreports/2323LZ517408/debugarchive/2023-09-01/2023-09-01T09:15:19.853Z,2023-09-01 14:45:20.000 +0530,Processed,"0.901.103",LogiSight,0,0.0,false,"",,arn:aws:ecs:us-east-1:473540753547:task/Prod-NLP-Cluster/ed5d1651465e44f196e37cc4534f9c68
"01H980Y6AMCSDX5TPPETMG6JFT",2023-09-01 14:54:41.000 +0530,2023-09-01 15:08:59.000 +0530,"2241LZ502B38",bugreports/2241LZ502B38/debugarchive/2023-09-01/2023-09-01T09:24:21.273Z,2023-09-01 14:54:21.000 +0530,Processed,"0.901.103",LogiSight,0,0.0,false,"",,arn:aws:ecs:us-east-1:473540753547:task/Prod-NLP-Cluster/4eb61385d23e47e1959a6a1576172994
"01H980YYNDHV5AA2Y8CR02DREW",2023-09-01 14:55:06.000 +0530,2023-09-01 15:01:15.000 +0530,"2323LZ535JF8",bugreports/2323LZ535JF8/debugarchive/2023-09-01/2023-09-01T09:24:52.432Z,2023-09-01 14:54:52.000 +0530,Processed,"0.901.103",LogiSight,0,0.0,false,"",,arn:aws:ecs:us-east-1:473540753547:task/Prod-NLP-Cluster/93ce259cd9414950b38675026280f2d8
"01H98104E2RV8QW5W71K7EXMB5",2023-09-01 14:55:45.000 +0530,2023-09-01 14:59:23.000 +0530,"2319LZ51KBP8",bugreports/2319LZ51KBP8/debugarchive/2023-09-01/2023-09-01T09:25:16.361Z,2023-09-01 14:55:16.000 +0530,Processed,"0.901.103",LogiSight,0,0.0,false,"",,arn:aws:ecs:us-east-1:473540753547:task/Prod-NLP-Cluster/73507a3bead64fffabe21ea64c368b5f
"01H981C7DNMFWBGCNV5ESAGP84",2023-09-01 15:02:21.000 +0530,2023-09-01 15:18:28.000 +0530,"2323LZ535JL8",bugreports/2323LZ535JL8/debugarchive/2023-09-01/2023-09-01T09:32:00.009Z,2023-09-01 15:02:00.000 +0530,Processed,"0.901.103",LogiSight,0,0.0,false,"",,arn:aws:ecs:us-east-1:473540753547:task/Prod-NLP-Cluster/54c6e9f5fa41401cb846b61706f789a6
"01H981TC6QRP95G5J290276XV7",2023-09-01 15:10:05.000 +0530,2023-09-01 15:18:25.000 +0530,"2241LZ502D08",bugreports/2241LZ502D08/debugarchive/2023-09-01/2023-09-01T09:39:49.536Z,2023-09-01 15:09:50.000 +0530,Processed,"0.901.103",LogiSight,0,0.0,false,"",,arn:aws:ecs:us-east-1:473540753547:task/Prod-NLP-Cluster/15a630ebd106407a9de2000fc6a254e4
"01H982V7TCBCG04C7PZKNDT2H6",2023-09-01 15:28:02.000 +0530,2023-09-01 15:35:08.000 +0530,"2323LZ535K18",bugreports/2323LZ535K18/debugarchive/2023-09-01/2023-09-01T09:57:46.851Z,2023-09-01 15:27:47.000 +0530,Processed,"0.901.103",LogiSight,0,0.0,false,"",,arn:aws:ecs:us-east-1:473540753547:task/Prod-NLP-Cluster/c3d114f3bff54b05ba48e26f56edd918
"01H9836E5STPSH68XWF1JH70E2",2023-09-01 15:34:09.000 +0530,2023-09-01 15:36:48.000 +0530,"2324LZ51P0V8",bugreports/2324LZ51P0V8/debugarchive/2023-09-01/2023-09-01T10:03:41.388Z,2023-09-01 15:33:41.000 +0530,Processed,"0.901.103",LogiSight,0,0.0,false,"",,arn:aws:ecs:us-east-1:473540753547:task/Prod-NLP-Cluster/a9236f8c559745c0ad36a514da83e251
"01H983P3PTH45SHVM8V7FZSR7X",2023-09-01 15:42:42.000 +0530,2023-09-01 15:57:14.000 +0530,"2323LZ5172N8",bugreports/2323LZ5172N8/debugarchive/2023-09-01/2023-09-01T10:12:19.213Z,2023-09-01 15:42:19.000 +0530,Processed,"0.901.103",LogiSight,0,0.0,false,"",,arn:aws:ecs:us-east-1:473540753547:task/Prod-NLP-Cluster/60e4e2a5dab04b3cb2ece42f0309fb25
"01H983TKHA2BX8N2H4JSVK0FQA",2023-09-01 15:45:10.000 +0530,2023-09-01 15:47:36.000 +0530,"2241LZ502CQ8",bugreports/2241LZ502CQ8/debugarchive/2023-09-01/2023-09-01T10:14:45.843Z,2023-09-01 15:44:46.000 +0530,Processed,"0.901.103",LogiSight,0,0.0,false,"",,arn:aws:ecs:us-east-1:473540753547:task/Prod-NLP-Cluster/d375bd909de84d11a33ab308354b761d
"01H983VG8RRATYPHN0D8R0CW4W",2023-09-01 15:45:39.000 +0530,2023-09-01 15:49:24.000 +0530,"2241LZ5029V8",bugreports/2241LZ5029V8/debugarchive/2023-09-01/2023-09-01T10:15:25.450Z,2023-09-01 15:45:25.000 +0530,Processed,"0.901.103",LogiSight,0,0.0,false,"",,arn:aws:ecs:us-east-1:473540753547:task/Prod-NLP-Cluster/19e3d7c8cccf43b4b50e07425a263e78
"01H983YYW6ETWEQVM5AWAGXKHA",2023-09-01 15:47:32.000 +0530,2023-09-01 16:00:37.000 +0530,"2326LZ517618",bugreports/2326LZ517618/debugarchive/2023-09-01/2023-09-01T10:17:12.917Z,2023-09-01 15:47:13.000 +0530,Processed,"0.901.103",LogiSight,0,0.0,false,"",,arn:aws:ecs:us-east-1:473540753547:task/Prod-NLP-Cluster/2fd3708bffe44f859d7ce871069fa6ab
"01H984416MZDFGEZYWXXSG3W55",2023-09-01 15:50:19.000 +0530,2023-09-01 16:02:23.000 +0530,"2241LZ502AU8",bugreports/2241LZ502AU8/debugarchive/2023-09-01/2023-09-01T10:19:59.464Z,2023-09-01 15:49:59.000 +0530,Processed,"0.901.103",LogiSight,0,0.0,false,"",,arn:aws:ecs:us-east-1:473540753547:task/Prod-NLP-Cluster/a69443ea0271435ab24c81896c3fe388
"01H9844WPJJ4DY91FW6WJSBBW1",2023-09-01 15:50:47.000 +0530,2023-09-01 15:57:36.000 +0530,"2323LZ51VTU8",bugreports/2323LZ51VTU8/debugarchive/2023-09-01/2023-09-01T10:20:15.346Z,2023-09-01 15:50:15.000 +0530,Processed,"0.901.103",LogiSight,0,0.0,false,"",,arn:aws:ecs:us-east-1:473540753547:task/Prod-NLP-Cluster/5a5025cbb8184e5ea5b85f5370036b5c
"01H9848GT0V6CRHNXAGH6GGHA6",2023-09-01 15:52:46.000 +0530,2023-09-01 16:07:31.000 +0530,"2237LZ513X08",bugreports/2237LZ513X08/debugarchive/2023-09-01/2023-09-01T10:21:01.559Z,2023-09-01 15:51:02.000 +0530,Processed,"0.901.103",LogiSight,0,0.0,false,"",,arn:aws:ecs:us-east-1:473540753547:task/Prod-NLP-Cluster/260dc1bbdb3f4e419487313f999d02d9
"01H984E2A4JZD7XQ4495HJCQ61",2023-09-01 15:55:47.000 +0530,2023-09-01 16:05:23.000 +0530,"2323LZ52GZL8",bugreports/2323LZ52GZL8/debugarchive/2023-09-01/2023-09-01T10:25:34.528Z,2023-09-01 15:55:35.000 +0530,Processed,"0.901.103",LogiSight,0,0.0,false,"",,arn:aws:ecs:us-east-1:473540753547:task/Prod-NLP-Cluster/e2d544cc03944893845a9e59c3e70bb7
"01H984W32JRABHJ2ZKM763DZ3G",2023-09-01 16:03:27.000 +0530,2023-09-01 16:09:08.000 +0530,"2241LZ5027J8",bugreports/2241LZ5027J8/debugarchive/2023-09-01/2023-09-01T10:33:01.218Z,2023-09-01 16:03:01.000 +0530,Processed,"0.901.103",LogiSight,0,0.0,false,"",,arn:aws:ecs:us-east-1:473540753547:task/Prod-NLP-Cluster/4ee7e1038b88487cb4181e550ff03e85
"01H9853XWQDD5HPDD0NR62NWVT",2023-09-01 16:07:44.000 +0530,2023-09-01 16:22:45.000 +0530,"2237LZ513X08",bugreports/2237LZ513X08/debugarchive/2023-09-01/2023-09-01T10:35:30.959Z,2023-09-01 16:05:31.000 +0530,Processed,"0.901.103",LogiSight,0,0.0,false,"",,arn:aws:ecs:us-east-1:473540753547:task/Prod-NLP-Cluster/d58e7bba981b447cb2ca9c6cd867508c
"01H985FSY5JYZYJSERYKMT188W",2023-09-01 16:14:13.000 +0530,2023-09-01 16:27:36.000 +0530,"2241LZ502CN8",bugreports/2241LZ502CN8/debugarchive/2023-09-01/2023-09-01T10:43:54.147Z,2023-09-01 16:13:54.000 +0530,Processed,"0.901.103",LogiSight,0,0.0,false,"",,arn:aws:ecs:us-east-1:473540753547:task/Prod-NLP-Cluster/f459eca95daf44dea7304c50df294e78
"01H985VP3W26VKZEYTK82RWQ4T",2023-09-01 16:20:42.000 +0530,2023-09-01 16:33:07.000 +0530,"2323LZ50B918",bugreports/2323LZ50B918/debugarchive/2023-09-01/2023-09-01T10:50:25.797Z,2023-09-01 16:20:26.000 +0530,Processed,"0.901.103",LogiSight,0,0.0,false,"",,arn:aws:ecs:us-east-1:473540753547:task/Prod-NLP-Cluster/877520b3d9bf4fc9ad8128204e665a26
"01H986GTK4DBQ7FB4G1GCJ0SZQ",2023-09-01 16:32:15.000 +0530,2023-09-01 16:37:53.000 +0530,"2241LZ502DF8",bugreports/2241LZ502DF8/debugarchive/2023-09-01/2023-09-01T11:01:56.543Z,2023-09-01 16:31:57.000 +0530,Processed,"0.901.103",LogiSight,0,0.0,false,"",,arn:aws:ecs:us-east-1:473540753547:task/Prod-NLP-Cluster/1af54c7dbd4440bea9f0f385748c7545
"01H987CK95NKWK5JYH4M5K0N11",2023-09-01 16:47:25.000 +0530,2023-09-01 16:52:44.000 +0530,"2241LZ5024L8",bugreports/2241LZ5024L8/debugarchive/2023-09-01/2023-09-01T11:17:22.487Z,2023-09-01 16:47:22.000 +0530,Processed,"0.901.103",LogiSight,0,0.0,false,"",,arn:aws:ecs:us-east-1:473540753547:task/Prod-NLP-Cluster/1a09aa11009447cd903cfb9f05700f5f
"01H987FBD59YTGJXEAV5DDKKW7",2023-09-01 16:48:55.000 +0530,2023-09-01 16:57:07.000 +0530,"2319LZ5138Z8",bugreports/2319LZ5138Z8/debugarchive/2023-09-01/2023-09-01T11:17:27.933Z,2023-09-01 16:47:28.000 +0530,Processed,"0.901.103",LogiSight,0,0.0,false,"",,arn:aws:ecs:us-east-1:473540753547:task/Prod-NLP-Cluster/5afda43c56fb4f189ff52110e25d1eca
"01H987GD419KF6MV4HF70PG3JV",2023-09-01 16:49:30.000 +0530,2023-09-01 17:00:45.000 +0530,"2319LZ5138Z8",bugreports/2319LZ5138Z8/debugarchive/2023-09-01/2023-09-01T11:19:19.762Z,2023-09-01 16:49:20.000 +0530,Processed,"0.901.103",LogiSight,0,0.0,false,"",,arn:aws:ecs:us-east-1:473540753547:task/Prod-NLP-Cluster/4bb09f6428a04d8b86750e452a0a4484
"01H987SPDK2J4SERH7RBAJWQ4K",2023-09-01 16:54:34.000 +0530,2023-09-01 17:02:40.000 +0530,"2241LZ502CE8",bugreports/2241LZ502CE8/debugarchive/2023-09-01/2023-09-01T11:24:19.798Z,2023-09-01 16:54:20.000 +0530,Processed,"0.901.103",LogiSight,0,0.0,false,"",,arn:aws:ecs:us-east-1:473540753547:task/Prod-NLP-Cluster/416e507b7fe44905a202a1cb7664eff2
"01H988NFHQ7ASPXYF7EJXFB8ME",2023-09-01 17:09:45.000 +0530,2023-09-01 17:15:14.000 +0530,"2323LZ535HV8",bugreports/2323LZ535HV8/debugarchive/2023-09-01/2023-09-01T11:39:27.416Z,2023-09-01 17:09:27.000 +0530,Processed,"0.901.103",LogiSight,0,0.0,false,"",,arn:aws:ecs:us-east-1:473540753547:task/Prod-NLP-Cluster/bee668a80de54e1797c804b0ccc99189
"01H98948Q4D0MET8YGG754FMXP",2023-09-01 17:17:49.000 +0530,2023-09-01 17:31:33.000 +0530,"2241LZ502CT8",bugreports/2241LZ502CT8/debugarchive/2023-09-01/2023-09-01T11:47:27.671Z,2023-09-01 17:17:28.000 +0530,Processed,"0.901.103",LogiSight,0,0.0,false,"",,arn:aws:ecs:us-east-1:473540753547:task/Prod-NLP-Cluster/42968adf6b14475fafe28f7b18ef4342
"01H9897Z9AE0VFQHQZMZQ6JF6N",2023-09-01 17:19:51.000 +0530,2023-09-01 17:26:04.000 +0530,"2323LZ537CG8",bugreports/2323LZ537CG8/debugarchive/2023-09-01/2023-09-01T11:49:38.666Z,2023-09-01 17:19:39.000 +0530,Processed,"0.901.103",LogiSight,0,0.0,false,"",,arn:aws:ecs:us-east-1:473540753547:task/Prod-NLP-Cluster/6dbc3c58e04e4915a1b4c290094e8d6e
"01H98APZGZ7W187AHJX54TZNJM",2023-09-01 17:45:31.000 +0530,2023-09-01 17:52:06.000 +0530,"2323LZ517408",bugreports/2323LZ517408/debugarchive/2023-09-01/2023-09-01T12:15:19.930Z,2023-09-01 17:45:20.000 +0530,Processed,"0.901.103",LogiSight,0,0.0,false,"",,arn:aws:ecs:us-east-1:473540753547:task/Prod-NLP-Cluster/ec26ae1785044105b0cf3790e2b39d8c
"01H98B7WZ0X7222ZCSQP47FXJ0",2023-09-01 17:54:45.000 +0530,2023-09-01 17:58:07.000 +0530,"2241LZ502B38",bugreports/2241LZ502B38/debugarchive/2023-09-01/2023-09-01T12:24:21.327Z,2023-09-01 17:54:21.000 +0530,Processed,"0.901.103",LogiSight,0,0.0,false,"",,arn:aws:ecs:us-east-1:473540753547:task/Prod-NLP-Cluster/d5da60b5ce8a42da9c523a4825832d11
"01H98B8TRANHQ9GV3X34BWHC4X",2023-09-01 17:55:16.000 +0530,2023-09-01 18:08:28.000 +0530,"2323LZ535JF8",bugreports/2323LZ535JF8/debugarchive/2023-09-01/2023-09-01T12:24:52.512Z,2023-09-01 17:54:53.000 +0530,Processed,"0.901.103",LogiSight,0,0.0,false,"",,arn:aws:ecs:us-east-1:473540753547:task/Prod-NLP-Cluster/064f6f65496e4b3a9ac9d6dd43a933b0
"01H98B9NVDSHFB0JSW36AVDFFS",2023-09-01 17:55:44.000 +0530,2023-09-01 18:05:47.000 +0530,"2319LZ51KBP8",bugreports/2319LZ51KBP8/debugarchive/2023-09-01/2023-09-01T12:25:16.415Z,2023-09-01 17:55:16.000 +0530,Processed,"0.901.103",LogiSight,0,0.0,false,"",,arn:aws:ecs:us-east-1:473540753547:task/Prod-NLP-Cluster/4d3a25e3ae2b478db70fe687690cd9a5
"01H98BNNQR97MZQN2Y3V565DBH",2023-09-01 18:02:17.000 +0530,2023-09-01 18:06:58.000 +0530,"2323LZ535JL8",bugreports/2323LZ535JL8/debugarchive/2023-09-01/2023-09-01T12:32:00.059Z,2023-09-01 18:02:00.000 +0530,Processed,"0.901.103",LogiSight,0,0.0,false,"",,arn:aws:ecs:us-east-1:473540753547:task/Prod-NLP-Cluster/06668faa64664cb5b63898a2714e7790
"01H98C3VF5BCPAMWRGTJBXX55C",2023-09-01 18:10:01.000 +0530,2023-09-01 18:22:04.000 +0530,"2241LZ502D08",bugreports/2241LZ502D08/debugarchive/2023-09-01/2023-09-01T12:39:49.595Z,2023-09-01 18:09:50.000 +0530,Processed,"0.901.103",LogiSight,0,0.0,false,"",,arn:aws:ecs:us-east-1:473540753547:task/Prod-NLP-Cluster/f3dd78d40dfd44b98f924d5ea627ee16
"01H98CRE07200ZPQWWFBGX4M0F",2023-09-01 18:21:16.000 +0530,2023-09-01 18:23:31.000 +0530,"2224LZN3C5F8",bugreports/2224LZN3C5F8/debugarchive/2023-09-01/2023-09-01T12:50:55.433Z,2023-09-01 18:20:55.000 +0530,Processed,"0.901.103",LogiSight,0,0.0,false,"",,arn:aws:ecs:us-east-1:473540753547:task/Prod-NLP-Cluster/92376f95c83648aab05488b43ea9f8d7
"01H98D4Y62S6WG666X9AJ0TSTW",2023-09-01 18:28:05.000 +0530,2023-09-01 18:31:51.000 +0530,"2323LZ535K18",bugreports/2323LZ535K18/debugarchive/2023-09-01/2023-09-01T12:57:46.944Z,2023-09-01 18:27:47.000 +0530,Processed,"0.901.103",LogiSight,0,0.0,false,"",,arn:aws:ecs:us-east-1:473540753547:task/Prod-NLP-Cluster/688c7572ece8462fbb40b7d70ef7acc5
"01H98DFSFJ3N0KZE6RF0QX6XZV",2023-09-01 18:34:01.000 +0530,2023-09-01 18:45:38.000 +0530,"2324LZ51P0V8",bugreports/2324LZ51P0V8/debugarchive/2023-09-01/2023-09-01T13:03:41.435Z,2023-09-01 18:33:41.000 +0530,Processed,"0.901.103",LogiSight,0,0.0,false,"",,arn:aws:ecs:us-east-1:473540753547:task/Prod-NLP-Cluster/36af7d9287274da8b9b8f7f17daff3f4
"01H98DZTS1G3X8H9F2RR7S08YN",2023-09-01 18:42:47.000 +0530,2023-09-01 18:49:42.000 +0530,"2323LZ5172N8",bugreports/2323LZ5172N8/debugarchive/2023-09-01/2023-09-01T13:12:19.273Z,2023-09-01 18:42:19.000 +0530,Processed,"0.901.103",LogiSight,0,0.0,false,"",,arn:aws:ecs:us-east-1:473540753547:task/Prod-NLP-Cluster/bf9eee3aa50c4561bbf7acc992687888
"01H98E53S31DBH68H0HZSDTK98",2023-09-01 18:45:40.000 +0530,2023-09-01 18:51:15.000 +0530,"2241LZ5029V8",bugreports/2241LZ5029V8/debugarchive/2023-09-01/2023-09-01T13:15:25.607Z,2023-09-01 18:45:26.000 +0530,Processed,"0.901.103",LogiSight,0,0.0,false,"",,arn:aws:ecs:us-east-1:473540753547:task/Prod-NLP-Cluster/8b8c0d866d094bf5b92f71659f9c4a0a
"01H98E3WZZTWG51TS4HE50FYJP",2023-09-01 18:45:00.000 +0530,2023-09-01 18:53:09.000 +0530,"2241LZ502CQ8",bugreports/2241LZ502CQ8/debugarchive/2023-09-01/2023-09-01T13:14:45.913Z,2023-09-01 18:44:46.000 +0530,Processed,"0.901.103",LogiSight,0,0.0,false,"",,arn:aws:ecs:us-east-1:473540753547:task/Prod-NLP-Cluster/bb0ea4685b264fefac8ea76c0c39c1e9
"01H98EE0Q42DDGHNV5Z2M8NE53",2023-09-01 18:50:31.000 +0530,2023-09-01 18:53:35.000 +0530,"2241LZ502AU8",bugreports/2241LZ502AU8/debugarchive/2023-09-01/2023-09-01T13:19:59.507Z,2023-09-01 18:50:00.000 +0530,Processed,"0.901.103",LogiSight,0,0.0,false,"",,arn:aws:ecs:us-east-1:473540753547:task/Prod-NLP-Cluster/7ffa96fca3d1495593b2e5bc7f5c3d18
"01H98EE5X7P5GFXA7Y0MGYCR97",2023-09-01 18:50:37.000 +0530,2023-09-01 19:00:36.000 +0530,"2323LZ51VTU8",bugreports/2323LZ51VTU8/debugarchive/2023-09-01/2023-09-01T13:20:15.392Z,2023-09-01 18:50:15.000 +0530,Processed,"0.901.103",LogiSight,0,0.0,false,"",,arn:aws:ecs:us-east-1:473540753547:task/Prod-NLP-Cluster/ac9accdcc1064657a45b823e05227cb6
"01H98E8PRNWHMYXV5EAWQ3220G",2023-09-01 18:47:37.000 +0530,2023-09-01 18:52:09.000 +0530,"2326LZ517618",bugreports/2326LZ517618/debugarchive/2023-09-01/2023-09-01T13:17:13.039Z,2023-09-01 18:47:13.000 +0530,Processed,"0.901.103",LogiSight,0,0.0,false,"",,arn:aws:ecs:us-east-1:473540753547:task/Prod-NLP-Cluster/8b183884b82840398b58a4b558d93bca
"01H98EHJS6NJWF3N2FZ1HKWCM6",2023-09-01 18:52:28.000 +0530,2023-09-01 18:59:54.000 +0530,"2237LZ513X08",bugreports/2237LZ513X08/debugarchive/2023-09-01/2023-09-01T13:21:01.635Z,2023-09-01 18:51:02.000 +0530,Processed,"0.901.103",LogiSight,0,0.0,false,"",,arn:aws:ecs:us-east-1:473540753547:task/Prod-NLP-Cluster/96d941fdf1ee48d6932e562228539d2c
"01H98EQM6RCP9AH5FTCJ20P5D5",2023-09-01 18:55:46.000 +0530,2023-09-01 19:10:09.000 +0530,"2323LZ52GZL8",bugreports/2323LZ52GZL8/debugarchive/2023-09-01/2023-09-01T13:25:34.562Z,2023-09-01 18:55:35.000 +0530,Processed,"0.901.103",LogiSight,0,0.0,false,"",,arn:aws:ecs:us-east-1:473540753547:task/Prod-NLP-Cluster/beb7b78963bb46498144c9fa025baf3c
"01H98F5P2SYQ9N05QAAWA82BGQ",2023-09-01 19:03:27.000 +0530,2023-09-01 19:10:06.000 +0530,"2241LZ5027J8",bugreports/2241LZ5027J8/debugarchive/2023-09-01/2023-09-01T13:33:01.255Z,2023-09-01 19:03:01.000 +0530,Processed,"0.901.103",LogiSight,0,0.0,false,"",,arn:aws:ecs:us-east-1:473540753547:task/Prod-NLP-Cluster/bf8b7ec02cc8414ebc9ad285133f49cb
"01H98FABRNG5RPZ4VA2D057RVD",2023-09-01 19:06:00.000 +0530,2023-09-01 19:11:04.000 +0530,"2237LZ513X08",bugreports/2237LZ513X08/debugarchive/2023-09-01/2023-09-01T13:35:31.028Z,2023-09-01 19:05:31.000 +0530,Processed,"0.901.103",LogiSight,0,0.0,false,"",,arn:aws:ecs:us-east-1:473540753547:task/Prod-NLP-Cluster/47e6e6098057477190f25e9529473f2c
"01H98FSNEQMB914XJX5CG9YGQJ",2023-09-01 19:14:22.000 +0530,2023-09-01 19:33:34.000 +0530,"2241LZ502CN8",bugreports/2241LZ502CN8/debugarchive/2023-09-01/2023-09-01T13:43:54.206Z,2023-09-01 19:13:54.000 +0530,Processed,"0.901.103",LogiSight,0,0.0,false,"",,arn:aws:ecs:us-east-1:473540753547:task/Prod-NLP-Cluster/61ec6fedb58c42199a232fa4c6fe7962
"01H98G5NBC322Y8AFB0AMPHZAP",2023-09-01 19:20:55.000 +0530,2023-09-01 19:31:14.000 +0530,"2323LZ50B918",bugreports/2323LZ50B918/debugarchive/2023-09-01/2023-09-01T13:50:25.900Z,2023-09-01 19:20:26.000 +0530,Processed,"0.901.103",LogiSight,0,0.0,false,"",,arn:aws:ecs:us-east-1:473540753547:task/Prod-NLP-Cluster/5f623e5c46d4409385f5f0405ac83b3b
"01H98GTN5C4PYHR36M4JFM9GAP",2023-09-01 19:32:23.000 +0530,2023-09-01 19:41:53.000 +0530,"2241LZ502DF8",bugreports/2241LZ502DF8/debugarchive/2023-09-01/2023-09-01T14:01:56.618Z,2023-09-01 19:31:57.000 +0530,Processed,"0.901.103",LogiSight,0,0.0,false,"",,arn:aws:ecs:us-east-1:473540753547:task/Prod-NLP-Cluster/40ffbed1f9044f96b60a8912827a3de9
"01H98HP1E7GEVN9QZ73S27K94W",2023-09-01 19:47:20.000 +0530,2023-09-01 19:58:09.000 +0530,"2241LZ5024L8",bugreports/2241LZ5024L8/debugarchive/2023-09-01/2023-09-01T14:17:22.571Z,2023-09-01 19:47:23.000 +0530,Processed,"0.901.103",LogiSight,0,0.0,false,"",,arn:aws:ecs:us-east-1:473540753547:task/Prod-NLP-Cluster/4a411e6a07d14daf8e78ec421dc1bcdb
"01H98HSA2H9KJE2CDGMVXHNC6S",2023-09-01 19:49:07.000 +0530,2023-09-01 19:57:32.000 +0530,"2319LZ5138Z8",bugreports/2319LZ5138Z8/debugarchive/2023-09-01/2023-09-01T14:17:27.998Z,2023-09-01 19:47:28.000 +0530,Processed,"0.901.103",LogiSight,0,0.0,false,"",,arn:aws:ecs:us-east-1:473540753547:task/Prod-NLP-Cluster/3b51bebd441545d9851dd83dab3e66ca
"01H98HT3F6V55H5Y9Q83CCJP0C",2023-09-01 19:49:33.000 +0530,2023-09-01 20:07:50.000 +0530,"2319LZ5138Z8",bugreports/2319LZ5138Z8/debugarchive/2023-09-01/2023-09-01T14:19:20.022Z,2023-09-01 19:49:20.000 +0530,Processed,"0.901.103",LogiSight,0,0.0,false,"",,arn:aws:ecs:us-east-1:473540753547:task/Prod-NLP-Cluster/e2d5a9a799d34488ae901ea154341b45
"01H98J345ME0CQDBYVEVF9YNDM",2023-09-01 19:54:29.000 +0530,2023-09-01 20:08:40.000 +0530,"2241LZ502CE8",bugreports/2241LZ502CE8/debugarchive/2023-09-01/2023-09-01T14:24:19.851Z,2023-09-01 19:54:20.000 +0530,Processed,"0.901.103",LogiSight,0,0.0,false,"",,arn:aws:ecs:us-east-1:473540753547:task/Prod-NLP-Cluster/994959894bf74250b9cd6a1e8aba5f33
"01H98J40XDHF10QEBX4PXCYV5Y",2023-09-01 19:54:58.000 +0530,2023-09-01 20:04:27.000 +0530,"2224LZN3C5F8",bugreports/2224LZN3C5F8/debugarchive/2023-09-01/2023-09-01T14:22:36.020Z,2023-09-01 19:52:36.000 +0530,Processed,"0.901.103",LogiSight,0,0.0,false,"",,arn:aws:ecs:us-east-1:473540753547:task/Prod-NLP-Cluster/50c82d7395aa4f4c989a47d43507f3fe
"01H98JZ1MPRYQKQCYNQN5Q3C2Q",2023-09-01 20:09:44.000 +0530,2023-09-01 20:17:17.000 +0530,"2323LZ535HV8",bugreports/2323LZ535HV8/debugarchive/2023-09-01/2023-09-01T14:39:27.473Z,2023-09-01 20:09:27.000 +0530,Processed,"0.901.103",LogiSight,0,0.0,false,"",,arn:aws:ecs:us-east-1:473540753547:task/Prod-NLP-Cluster/2e16fe8074fc4520b170b9beb8c34c74
"01H98KDKTPTB96RK918CNW4CQP",2023-09-01 20:17:41.000 +0530,2023-09-01 20:27:20.000 +0530,"2241LZ502CT8",bugreports/2241LZ502CT8/debugarchive/2023-09-01/2023-09-01T14:47:27.739Z,2023-09-01 20:17:28.000 +0530,Processed,"0.901.103",LogiSight,0,0.0,false,"",,arn:aws:ecs:us-east-1:473540753547:task/Prod-NLP-Cluster/199e97a3b6364e42881af2bd3cb81ade
"01H98KJ114HEEJQFDTQZTHDC00",2023-09-01 20:20:06.000 +0530,2023-09-01 20:26:24.000 +0530,"2323LZ537CG8",bugreports/2323LZ537CG8/debugarchive/2023-09-01/2023-09-01T14:49:38.737Z,2023-09-01 20:19:39.000 +0530,Processed,"0.901.103",LogiSight,0,0.0,false,"",,arn:aws:ecs:us-east-1:473540753547:task/Prod-NLP-Cluster/c98b37189b1d4cba9167c953161d8706
"01H98N120DADS5A4ZXPS95855X",2023-09-01 20:45:47.000 +0530,2023-09-01 21:05:51.000 +0530,"2323LZ517408",bugreports/2323LZ517408/debugarchive/2023-09-01/2023-09-01T15:15:19.995Z,2023-09-01 20:45:20.000 +0530,Processed,"0.901.103",LogiSight,0,0.0,false,"",,arn:aws:ecs:us-east-1:473540753547:task/Prod-NLP-Cluster/ad6e3e0178ce4aba9462f329664a5665
"01H98NJ1MZ256RSKTC4V1R9ZQ8",2023-09-01 20:55:04.000 +0530,2023-09-01 21:09:39.000 +0530,"2323LZ535JF8",bugreports/2323LZ535JF8/debugarchive/2023-09-01/2023-09-01T15:24:52.568Z,2023-09-01 20:54:53.000 +0530,Processed,"0.901.103",LogiSight,0,0.0,false,"",,arn:aws:ecs:us-east-1:473540753547:task/Prod-NLP-Cluster/eb9ccdfc4c76480bb5673751300856ae
"01H98NJX95E1AF0MMH35974B3H",2023-09-01 20:55:32.000 +0530,2023-09-01 21:03:43.000 +0530,"2319LZ51KBP8",bugreports/2319LZ51KBP8/debugarchive/2023-09-01/2023-09-01T15:25:16.502Z,2023-09-01 20:55:17.000 +0530,Processed,"0.901.103",LogiSight,0,0.0,false,"",,arn:aws:ecs:us-east-1:473540753547:task/Prod-NLP-Cluster/c841be5fe5a44ed0b77ff612abe40a41
"01H98NH8EERR50P1K5RA5J3VZK",2023-09-01 20:54:38.000 +0530,2023-09-01 21:01:44.000 +0530,"2241LZ502B38",bugreports/2241LZ502B38/debugarchive/2023-09-01/2023-09-01T15:24:21.367Z,2023-09-01 20:54:21.000 +0530,Processed,"0.901.103",LogiSight,0,0.0,false,"",,arn:aws:ecs:us-east-1:473540753547:task/Prod-NLP-Cluster/bc348698c5f049318b8727b727d1a6f2
"01H98NZ3K71Z81PRS5BGE168VW",2023-09-01 21:02:11.000 +0530,2023-09-01 21:21:52.000 +0530,"2323LZ535JL8",bugreports/2323LZ535JL8/debugarchive/2023-09-01/2023-09-01T15:32:00.103Z,2023-09-01 21:02:00.000 +0530,Processed,"0.901.103",LogiSight,0,0.0,false,"",,arn:aws:ecs:us-east-1:473540753547:task/Prod-NLP-Cluster/24384d2cef39474d8887f42ed77785b2
"01H98P45XZE0CRW8W9SNJKZ8EG",2023-09-01 21:04:58.000 +0530,2023-09-01 21:07:17.000 +0530,"2224LZN3C5F8",bugreports/2224LZN3C5F8/debugarchive/2023-09-01/2023-09-01T15:34:32.663Z,2023-09-01 21:04:33.000 +0530,Processed,"0.901.103",LogiSight,0,0.0,false,"",,arn:aws:ecs:us-east-1:473540753547:task/Prod-NLP-Cluster/f40a81b4656444a5b1ae4cf078120eb6
"01H98PDEY2WGAP4F33H5YBR0T6",2023-09-01 21:10:02.000 +0530,2023-09-01 21:24:50.000 +0530,"2241LZ502D08",bugreports/2241LZ502D08/debugarchive/2023-09-01/2023-09-01T15:39:49.625Z,2023-09-01 21:09:50.000 +0530,Processed,"0.901.103",LogiSight,0,0.0,false,"",,arn:aws:ecs:us-east-1:473540753547:task/Prod-NLP-Cluster/4e31700f69854b6bb0112210fb081799
"01H98PXHD57D3VSMS69GFRMJW8",2023-09-01 21:07:18.000 +0530,2023-09-01 21:18:49.000 +0530,"2323LZ537EB8",bugreports/2323LZ537EB8/debugarchive/2023-09-01/2023-09-01T15:35:56.946Z,2023-09-01 21:05:57.000 +0530,Processed,"0.901.103",LogiSight,0,0.0,false,"",,
"01H98QEHRP9KQX4C0T8MA3JBP3",2023-09-01 21:28:06.000 +0530,2023-09-01 21:31:07.000 +0530,"2323LZ535K18",bugreports/2323LZ535K18/debugarchive/2023-09-01/2023-09-01T15:57:47.019Z,2023-09-01 21:27:47.000 +0530,Processed,"0.901.103",LogiSight,0,0.0,false,"",,arn:aws:ecs:us-east-1:473540753547:task/Prod-NLP-Cluster/aded88b95f3242f8b9e71563804d7e47
"01H98QV7Q2QQ7GKESCQ6G5MYPC",2023-09-01 21:35:02.000 +0530,2023-09-01 21:46:03.000 +0530,"2324LZ51P0V8",bugreports/2324LZ51P0V8/debugarchive/2023-09-01/2023-09-01T16:03:41.477Z,2023-09-01 21:33:41.000 +0530,Processed,"0.901.103",LogiSight,0,0.0,false,"",,arn:aws:ecs:us-east-1:473540753547:task/Prod-NLP-Cluster/fe58d20a18394d7c91ef90a37502325f
"01H98QZDRJ1BGP28HT3213DMHF",2023-09-01 21:37:19.000 +0530,2023-09-01 21:44:31.000 +0530,"2323LZ537CT8",bugreports/2323LZ537CT8/debugarchive/2023-09-01/2023-09-01T16:06:42.515Z,2023-09-01 21:36:43.000 +0530,Processed,"0.901.103",LogiSight,0,0.0,false,"",,arn:aws:ecs:us-east-1:473540753547:task/Prod-NLP-Cluster/a7cb155e14f44ac2b78061b87b61f4f2
"01H98R9E3HEJER39N2RYQW5RMJ",2023-09-01 21:42:47.000 +0530,2023-09-01 21:51:23.000 +0530,"2323LZ5172N8",bugreports/2323LZ5172N8/debugarchive/2023-09-01/2023-09-01T16:12:19.332Z,2023-09-01 21:42:19.000 +0530,Processed,"0.901.103",LogiSight,0,0.0,false,"",,arn:aws:ecs:us-east-1:473540753547:task/Prod-NLP-Cluster/5e6614a2fba44b35bf517d4a42c84984
"01H98R9E3S1FE2V9MA1C7TAZVN",2023-09-01 21:42:47.000 +0530,2023-09-01 21:59:56.000 +0530,"2323LZ5172D8",bugreports/2323LZ5172D8/debugarchive/2023-09-01/2023-09-01T16:12:35.633Z,2023-09-01 21:42:36.000 +0530,Processed,"0.901.103",LogiSight,0,0.0,false,"",,arn:aws:ecs:us-east-1:473540753547:task/Prod-NLP-Cluster/5e6614a2fba44b35bf517d4a42c84984
"01H98RDNM6AJ7B0BVMPJM8QZQ6",2023-09-01 21:45:06.000 +0530,2023-09-01 21:53:32.000 +0530,"2241LZ502CQ8",bugreports/2241LZ502CQ8/debugarchive/2023-09-01/2023-09-01T16:14:45.980Z,2023-09-01 21:44:46.000 +0530,Processed,"0.901.103",LogiSight,0,0.0,false,"",,arn:aws:ecs:us-east-1:473540753547:task/Prod-NLP-Cluster/e614def152ba4b9f8ee425738ed41e8e
"01H98REJEMD6MMGMD8WAP38XJG",2023-09-01 21:45:35.000 +0530,2023-09-01 21:56:23.000 +0530,"2241LZ5029V8",bugreports/2241LZ5029V8/debugarchive/2023-09-01/2023-09-01T16:15:25.701Z,2023-09-01 21:45:26.000 +0530,Processed,"0.901.103",LogiSight,0,0.0,false,"",,arn:aws:ecs:us-east-1:473540753547:task/Prod-NLP-Cluster/b256eb9a498549188252d8e31f51c83c
"01H98RGGK0W3CGXVZZZXM3P0BT",2023-09-01 21:46:39.000 +0530,2023-09-01 21:56:42.000 +0530,"2241LZ502AN8",bugreports/2241LZ502AN8/debugarchive/2023-09-01/2023-09-01T16:16:27.683Z,2023-09-01 21:46:28.000 +0530,Processed,"0.901.103",LogiSight,0,0.0,false,"",,arn:aws:ecs:us-east-1:473540753547:task/Prod-NLP-Cluster/18bd73a1bd2844bfb7585f6b2ae09679
"01H98RJ56NZWGGC73FWGCZ4AX9",2023-09-01 21:47:33.000 +0530,2023-09-01 21:57:35.000 +0530,"2326LZ517618",bugreports/2326LZ517618/debugarchive/2023-09-01/2023-09-01T16:17:13.140Z,2023-09-01 21:47:13.000 +0530,Processed,"0.901.103",LogiSight,0,0.0,false,"",,arn:aws:ecs:us-east-1:473540753547:task/Prod-NLP-Cluster/089fa0ee85494e3098bc1eaebc3d2216
"01H98RQ7GD04SMYN0MX7QEGW57",2023-09-01 21:50:19.000 +0530,2023-09-01 22:01:33.000 +0530,"2241LZ502AU8",bugreports/2241LZ502AU8/debugarchive/2023-09-01/2023-09-01T16:19:59.553Z,2023-09-01 21:50:00.000 +0530,Processed,"0.901.103",LogiSight,0,0.0,false,"",,arn:aws:ecs:us-east-1:473540753547:task/Prod-NLP-Cluster/263cfa7a36424b19b9c5d2bd27a6feee
"01H98RR33N5ZW1CSE26S4VP47F",2023-09-01 21:50:47.000 +0530,2023-09-01 21:58:28.000 +0530,"2323LZ51VTU8",bugreports/2323LZ51VTU8/debugarchive/2023-09-01/2023-09-01T16:20:15.458Z,2023-09-01 21:50:15.000 +0530,Processed,"0.901.103",LogiSight,0,0.0,false,"",,arn:aws:ecs:us-east-1:473540753547:task/Prod-NLP-Cluster/6b83ae10b3ac468b98e85cda322253af
"01H98RVF8VAT9M1N609FARKJ99",2023-09-01 21:52:38.000 +0530,2023-09-01 21:58:35.000 +0530,"2237LZ513X08",bugreports/2237LZ513X08/debugarchive/2023-09-01/2023-09-01T16:21:01.756Z,2023-09-01 21:51:02.000 +0530,Processed,"0.901.103",LogiSight,0,0.0,false,"",,arn:aws:ecs:us-east-1:473540753547:task/Prod-NLP-Cluster/15b3b1c3a7594a0a9b4bcf87ea926662
"01H98S14AJA4G8E053700CS67G",2023-09-01 21:55:44.000 +0530,2023-09-01 22:11:05.000 +0530,"2323LZ52GZL8",bugreports/2323LZ52GZL8/debugarchive/2023-09-01/2023-09-01T16:25:34.632Z,2023-09-01 21:55:35.000 +0530,Processed,"0.901.103",LogiSight,0,0.0,false,"",,arn:aws:ecs:us-east-1:473540753547:task/Prod-NLP-Cluster/d820b74c25ec4cd3b3dabcf0a15231e3
"01H98S6DRGNMNKZ9K7H05NQ8NF",2023-09-01 21:58:37.000 +0530,2023-09-01 22:13:42.000 +0530,"2323LZ535K68",bugreports/2323LZ535K68/debugarchive/2023-09-01/2023-09-01T16:28:04.192Z,2023-09-01 21:58:04.000 +0530,Processed,"0.901.103",LogiSight,0,0.0,false,"",,arn:aws:ecs:us-east-1:473540753547:task/Prod-NLP-Cluster/219baf3d039a4481bb426c8119b4f956
"01H98SF6ZK3XS33MR3XFW2W5X0",2023-09-01 22:03:25.000 +0530,2023-09-01 22:09:14.000 +0530,"2241LZ5027J8",bugreports/2241LZ5027J8/debugarchive/2023-09-01/2023-09-01T16:33:01.323Z,2023-09-01 22:03:01.000 +0530,Processed,"0.901.103",LogiSight,0,0.0,false,"",,arn:aws:ecs:us-east-1:473540753547:task/Prod-NLP-Cluster/ad59404e7c5a4a8c9c6e84b5272f8996
"01H98SKHSPRVNTBRAQAQM3FCH8",2023-09-01 22:05:47.000 +0530,2023-09-01 22:14:00.000 +0530,"2237LZ513X08",bugreports/2237LZ513X08/debugarchive/2023-09-01/2023-09-01T16:35:31.065Z,2023-09-01 22:05:31.000 +0530,Processed,"0.901.103",LogiSight,0,0.0,false,"",,arn:aws:ecs:us-east-1:473540753547:task/Prod-NLP-Cluster/f50bf6e5cdad4bb9a820cba1b83f53b9
"01H98T2WVZ9JG3PYTX014R6K4Y",2023-09-01 22:14:10.000 +0530,2023-09-01 22:27:40.000 +0530,"2241LZ502CN8",bugreports/2241LZ502CN8/debugarchive/2023-09-01/2023-09-01T16:43:54.254Z,2023-09-01 22:13:54.000 +0530,Processed,"0.901.103",LogiSight,0,0.0,false,"",,arn:aws:ecs:us-east-1:473540753547:task/Prod-NLP-Cluster/73a94127209049fea900eef36609aa91
"01H98TF6FYRMEA7AS2TM59ZFN4",2023-09-01 22:20:53.000 +0530,2023-09-01 22:35:58.000 +0530,"2323LZ50B918",bugreports/2323LZ50B918/debugarchive/2023-09-01/2023-09-01T16:50:25.985Z,2023-09-01 22:20:26.000 +0530,Processed,"0.901.103",LogiSight,0,0.0,false,"",,arn:aws:ecs:us-east-1:473540753547:task/Prod-NLP-Cluster/726ba6a5be594cf4a1ba5908c401f509
"01H98V4PD05QYHMDHJ23PTM4TY",2023-09-01 22:32:37.000 +0530,2023-09-01 22:47:45.000 +0530,"2241LZ502DF8",bugreports/2241LZ502DF8/debugarchive/2023-09-01/2023-09-01T17:01:56.722Z,2023-09-01 22:31:57.000 +0530,Processed,"0.901.103",LogiSight,0,0.0,false,"",,arn:aws:ecs:us-east-1:473540753547:task/Prod-NLP-Cluster/1c592c7d29d34b8b8a4480ead567e30a
"01H98VZP8P1EYSX0C16G48DYTF",2023-09-01 22:47:22.000 +0530,2023-09-01 22:53:02.000 +0530,"2241LZ5024L8",bugreports/2241LZ5024L8/debugarchive/2023-09-01/2023-09-01T17:17:22.675Z,2023-09-01 22:47:23.000 +0530,Processed,"0.901.103",LogiSight,0,0.0,false,"",,arn:aws:ecs:us-east-1:473540753547:task/Prod-NLP-Cluster/680a9ff189634b1a86d42e097764020c
"01H98W2DTSFH1N1N1VCHGPSJDP",2023-09-01 22:48:52.000 +0530,2023-09-01 22:58:16.000 +0530,"2319LZ5138Z8",bugreports/2319LZ5138Z8/debugarchive/2023-09-01/2023-09-01T17:17:28.086Z,2023-09-01 22:47:28.000 +0530,Processed,"0.901.103",LogiSight,0,0.0,false,"",,arn:aws:ecs:us-east-1:473540753547:task/Prod-NLP-Cluster/634ab7cc83e54b8eaf3f865b6763df68
"01H98W3JNC5QPSZGTVGZF3NCMJ",2023-09-01 22:49:29.000 +0530,2023-09-01 23:02:11.000 +0530,"2319LZ5138Z8",bugreports/2319LZ5138Z8/debugarchive/2023-09-01/2023-09-01T17:19:20.136Z,2023-09-01 22:49:20.000 +0530,Processed,"0.901.103",LogiSight,0,0.0,false,"",,arn:aws:ecs:us-east-1:473540753547:task/Prod-NLP-Cluster/63053c7105304d02ab3448ede38c047d
"01H98WCSJBVH9C3VF9HZJQVZ9J",2023-09-01 22:54:31.000 +0530,2023-09-01 23:08:12.000 +0530,"2241LZ502CE8",bugreports/2241LZ502CE8/debugarchive/2023-09-01/2023-09-01T17:24:19.928Z,2023-09-01 22:54:20.000 +0530,Processed,"0.901.103",LogiSight,0,0.0,false,"",,arn:aws:ecs:us-east-1:473540753547:task/Prod-NLP-Cluster/d73940e2e0ab4248a9158b1b07604728
"01H98X2QSZD33GRS3BFQPWDMKW",2023-09-01 23:06:31.000 +0530,2023-09-01 23:12:47.000 +0530,"2237LZ513X08",bugreports/2237LZ513X08/debugarchive/2023-09-01/2023-09-01T17:36:07.896Z,2023-09-01 23:06:08.000 +0530,Processed,"0.901.103",LogiSight,0,0.0,false,"",,arn:aws:ecs:us-east-1:473540753547:task/Prod-NLP-Cluster/28ce035c2c0445aa89eb01c343d4efb2
"01H98X8CZJSJQAFJVDFSZS54EF",2023-09-01 23:09:36.000 +0530,2023-09-01 23:23:20.000 +0530,"2323LZ535HV8",bugreports/2323LZ535HV8/debugarchive/2023-09-01/2023-09-01T17:39:27.557Z,2023-09-01 23:09:28.000 +0530,Processed,"0.901.103",LogiSight,0,0.0,false,"",,arn:aws:ecs:us-east-1:473540753547:task/Prod-NLP-Cluster/90b0f1791bb74cb48e984c45c51e67b6
"01H98XV2ANKBPSVAZ2WDJXV9SQ",2023-09-01 23:19:48.000 +0530,2023-09-01 23:28:48.000 +0530,"2323LZ537CG8",bugreports/2323LZ537CG8/debugarchive/2023-09-01/2023-09-01T17:49:38.829Z,2023-09-01 23:19:39.000 +0530,Processed,"0.901.103",LogiSight,0,0.0,false,"",,arn:aws:ecs:us-east-1:473540753547:task/Prod-NLP-Cluster/36b234f28c744c0690be138ae0429ec1
"01H98XPB53RQ24M670A7P6ABAR",2023-09-01 23:17:13.000 +0530,2023-09-01 23:22:19.000 +0530,"2237LZ513X08",bugreports/2237LZ513X08/debugarchive/2023-09-01/2023-09-01T17:45:26.007Z,2023-09-01 23:15:26.000 +0530,Processed,"0.901.104",LogiSight,0,0.0,false,"",,arn:aws:ecs:us-east-1:473540753547:task/Prod-NLP-Cluster/97c511524bfb47488461937deb7ac7a4
"01H98Y5WHPY875H4THX60F9N8N",2023-09-01 23:25:42.000 +0530,2023-09-01 23:36:02.000 +0530,"2324LZ51P0V8",bugreports/2324LZ51P0V8/debugarchive/2023-09-01/2023-09-01T17:55:19.174Z,2023-09-01 23:25:19.000 +0530,Processed,"0.901.103",LogiSight,0,0.0,false,"",,arn:aws:ecs:us-east-1:473540753547:task/Prod-NLP-Cluster/78a9665129dd4fa6aecf692cc4e6394e
"01H98XQFGQ5ECRMDYJQGVECAT2",2023-09-01 23:17:50.000 +0530,2023-09-01 23:37:41.000 +0530,"2241LZ502CT8",bugreports/2241LZ502CT8/debugarchive/2023-09-01/2023-09-01T17:47:27.826Z,2023-09-01 23:17:28.000 +0530,Processed,"0.901.103",LogiSight,0,0.0,false,"",,arn:aws:ecs:us-east-1:473540753547:task/Prod-NLP-Cluster/9c26da2d0fed4acf80c5c447dad24ead
"01H98ZAABECKWYDJ6QTSEA7DJV",2023-09-01 23:45:36.000 +0530,2023-09-01 23:59:45.000 +0530,"2323LZ517408",bugreports/2323LZ517408/debugarchive/2023-09-01/2023-09-01T18:15:20.106Z,2023-09-01 23:45:20.000 +0530,Processed,"0.901.103",LogiSight,0,0.0,false,"",,arn:aws:ecs:us-east-1:473540753547:task/Prod-NLP-Cluster/180c9754df054c7e870f46daddc1591a
"01H98ZTZZ981KTDKCE1SCPP8BT",2023-09-01 23:54:42.000 +0530,2023-09-02 00:09:07.000 +0530,"2241LZ502B38",bugreports/2241LZ502B38/debugarchive/2023-09-01/2023-09-01T18:24:21.396Z,2023-09-01 23:54:21.000 +0530,Processed,"0.901.103",LogiSight,0,0.0,false,"",,arn:aws:ecs:us-east-1:473540753547:task/Prod-NLP-Cluster/631f798f8323420da1e976471d31c580
"01H98ZVXPWC9M21YKZ722HKN5F",2023-09-01 23:55:13.000 +0530,2023-09-02 00:06:26.000 +0530,"2323LZ535JF8",bugreports/2323LZ535JF8/debugarchive/2023-09-01/2023-09-01T18:24:52.617Z,2023-09-01 23:54:53.000 +0530,Processed,"0.901.103",LogiSight,0,0.0,false,"",,arn:aws:ecs:us-east-1:473540753547:task/Prod-NLP-Cluster/747d6d94c1eb423e8fbd8cf048e2d6a9
"01H98ZWJDHCVYQNEKK4QV3NZEX",2023-09-01 23:55:34.000 +0530,2023-09-02 00:03:10.000 +0530,"2319LZ51KBP8",bugreports/2319LZ51KBP8/debugarchive/2023-09-01/2023-09-01T18:25:16.602Z,2023-09-01 23:55:17.000 +0530,Processed,"0.901.104",LogiSight,0,0.0,false,"",,arn:aws:ecs:us-east-1:473540753547:task/Prod-NLP-Cluster/2e2e962d730e4d21938f20348290f4b6
